Date,Sex,FW Size
16-May-14,M,
16-May-14,M,
16-May-14,M,
16-May-14,,
16-May-14,,
16-May-14,,
17-May-14,M,
17-May-14,M,
17-May-14,M,
17-May-14,M,
17-May-14,M,
17-May-14,M,
18-May-14,M,
19-May-14,M,
19-May-14,M,
19-May-14,M,
19-May-14,?,
19-May-14,?,
19-May-14,?,
19-May-14,?,
19-May-14,?,
19-May-14,?,
19-May-14,?,
13-Jun-14,?,
13-Jun-14,F,
13-Jun-14,F,
13-Jun-14,?,
13-Jun-14,?,
13-Jun-14,?,
13-Jun-14,M,
13-Jun-14,M,
13-Jun-14,F,
13-Jun-14,F,
13-Jun-14,F,
13-Jun-14,M,
13-Jun-14,?,
13-Jun-14,F,
13-Jun-14,F,
13-Jun-14,?,
13-Jun-14,?,
14-Jun-14,?,
14-Jun-14,?,
14-Jun-14,M,
14-Jun-14,?,
14-Jun-14,?,
14-Jun-14,F,
14-Jun-14,F,
14-Jun-14,F,
14-Jun-14,?,
14-Jun-14,?,
14-Jun-14,?,
14-Jun-14,F,
14-Jun-14,F,
14-Jun-14,?,
14-Jun-14,F,
14-Jun-14,?,
15-Jun-14,?,
15-Jun-14,F,
15-Jun-14,F,
15-Jun-14,?,
15-Jun-14,?,
15-Jun-14,M,
15-Jun-14,?,
15-Jun-14,F,
15-Jun-14,?,
15-Jun-14,F,
15-Jun-14,F,
15-Jun-14,F,
15-Jun-14,F,
15-Jun-14,F,
15-Jun-14,?,
15-Jun-14,?,
15-Jun-14,?,
15-Jun-14,F,
15-Jun-14,M,
15-Jun-14,?,
15-Jun-14,?,
15-Jun-14,M,
15-Jun-14,F,
15-Jun-14,F,
15-Jun-14,?,
15-Jun-14,F,
15-Jun-14,M,
15-Jun-14,?,
15-Jun-14,?,
15-Jun-14,?,
16-Jun-14,?,
16-Jun-14,F,
16-Jun-14,?,
16-Jun-14,F,
16-Jun-14,M,
16-Jun-14,F,
16-Jun-14,M,
16-Jun-14,F,
16-Jun-14,?,
16-Jun-14,F,
16-Jun-14,M,
16-Jun-14,?,
16-Jun-14,M,
16-Jun-14,?,
16-Jun-14,?,
16-Jun-14,?,
16-Jun-14,?,
16-Jun-14,?,
16-Jun-14,F,
16-Jun-14,F,
17-Jun-14,F,
17-Jun-14,?,
18-Jun-14,?,
18-Jun-14,F,
18-Jun-14,F,
18-Jun-14,?,
18-Jun-14,M,
18-Jun-14,F,
18-Jun-14,F,
18-Jun-14,M,
18-Jun-14,?,
18-Jun-14,F,
18-Jun-14,F,
18-Jun-14,F,
18-Jun-14,M,
18-Jun-14,?,
18-Jun-14,M,
18-Jun-14,F,
18-Jun-14,?,
18-Jun-14,?,
18-Jun-14,F,
18-Jun-14,F,
18-Jun-14,M,
18-Jun-14,M,
18-Jun-14,F,
18-Jun-14,?,
18-Jun-14,F,
19-Jun-14,?,
19-Jun-14,F,
19-Jun-14,F,
19-Jun-14,?,
19-Jun-14,M,
19-Jun-14,F,
19-Jun-14,F,
19-Jun-14,F,
19-Jun-14,F,
19-Jun-14,F,
19-Jun-14,?,
19-Jun-14,?,
19-Jun-14,F,
19-Jun-14,F,
19-Jun-14,F,
19-Jun-14,F,
19-Jun-14,F,
19-Jun-14,F,
19-Jun-14,F,
19-Jun-14,?,
19-Jun-14,?,
19-Jun-14,M,
19-Jun-14,M,
20-Jun-14,?,
20-Jun-14,F,
20-Jun-14,F,
20-Jun-14,F,
20-Jun-14,?,
20-Jun-14,?,
20-Jun-14,?,
21-Jun-14,F,
21-Jun-14,F,
21-Jun-14,?,
21-Jun-14,F,
21-Jun-14,?,
21-Jun-14,F,
21-Jun-14,F,
21-Jun-14,F,
21-Jun-14,F,
21-Jun-14,F,
21-Jun-14,,
21-Jun-14,?,
21-Jun-14,?,
21-Jun-14,M,
21-Jun-14,?,
22-Jun-14,?,
22-Jun-14,F,
22-Jun-14,F,
22-Jun-14,?,
26-Aug-14,?,
26-Aug-14,?,
26-Aug-14,?,
26-Aug-14,F,
26-Aug-14,?,
26-Aug-14,?,
27-Aug-14,?,
27-Aug-14,?,
27-Aug-14,?,
27-Aug-14,M,
27-Aug-14,F,
27-Aug-14,?,
27-Aug-14,?,
27-Aug-14,?,
27-Aug-14,?,
27-Aug-14,?,
27-Aug-14,?,
27-Aug-14,?,
27-Aug-14,?,
27-Aug-14,?,
28-Aug-14,?,
14-Apr-15,?,
15-Apr-15,M,
15-Apr-15,?,
5-May-15,M,
5-May-15,M,
5-May-15,F,
6-May-15,F,
6-May-15,?,
6-May-15,?,
6-May-15,?,
6-May-15,?,
7-May-15,?,
13-May-15,M,
13-May-15,F,
13-May-15,M,
13-May-15,M,
13-May-15,M,
13-May-15,F,
13-May-15,M,
13-May-15,F,
13-May-15,M,
13-May-15,F,
13-May-15,M,
13-May-15,?,
13-May-15,?,
13-May-15,?,
13-May-15,?,
13-May-15,?,
13-May-15,?,
13-May-15,?,
13-May-15,?,
13-May-15,?,
13-May-15,?,
13-May-15,?,
13-May-15,?,
13-May-15,?,
13-May-15,F,
13-May-15,?,
13-May-15,?,
13-May-15,?,
13-May-15,?,
14-May-15,F,
14-May-15,F,
14-May-15,F,
14-May-15,F,
14-May-15,M,
14-May-15,M,
14-May-15,F,
14-May-15,M,
14-May-15,F,
14-May-15,M,
14-May-15,M,
14-May-15,?,
14-May-15,?,
14-May-15,?,
14-May-15,?,
14-May-15,?,
14-May-15,?,
14-May-15,?,
14-May-15,?,
14-May-15,?,
14-May-15,?,
14-May-15,?,
14-May-15,?,
14-May-15,?,
14-May-15,?,
14-May-15,?,
14-May-15,?,
14-May-15,?,
14-May-15,?,
14-May-15,?,
14-May-15,?,
14-May-15,M,
14-May-15,F,
14-May-15,?,
14-May-15,M,
14-May-15,?,
14-May-15,?,
14-May-15,M,
14-May-15,F,
14-May-15,?,
14-May-15,?,
14-May-15,?,
14-May-15,?,
14-May-15,?,
14-May-15,?,
14-May-15,?,
14-May-15,?,
14-May-15,?,
15-May-15,F,
15-May-15,M,
15-May-15,F,
15-May-15,M,
15-May-15,F,
15-May-15,M,
15-May-15,F,
15-May-15,M,
15-May-15,F,
15-May-15,M,
15-May-15,F,
15-May-15,F,
15-May-15,?,
15-May-15,?,
15-May-15,?,
15-May-15,?,
15-May-15,?,
15-May-15,?,
15-May-15,M,
15-May-15,F,
15-May-15,?,
15-May-15,?,
15-May-15,M,
15-May-15,F,
15-May-15,?,
15-May-15,?,
15-May-15,?,
15-May-15,?,
15-May-15,?,
15-May-15,?,
15-May-15,?,
15-May-15,?,
15-May-15,?,
15-May-15,F,
15-May-15,?,
15-May-15,?,
15-May-15,?,
15-May-15,?,
15-May-15,?,
15-May-15,?,
15-May-15,?,
15-May-15,?,
15-May-15,?,
15-May-15,?,
16-May-15,F,
16-May-15,M,
16-May-15,F,
16-May-15,M,
16-May-15,F,
16-May-15,M,
16-May-15,M,
16-May-15,M,
16-May-15,M,
16-May-15,M,
16-May-15,M,
16-May-15,M,
16-May-15,F,
16-May-15,?,
16-May-15,?,
16-May-15,M,
16-May-15,F,
16-May-15,?,
16-May-15,?,
16-May-15,?,
16-May-15,?,
16-May-15,?,
16-May-15,?,
16-May-15,?,
16-May-15,?,
16-May-15,?,
16-May-15,?,
16-May-15,?,
16-May-15,?,
16-May-15,?,
16-May-15,?,
16-May-15,?,
16-May-15,?,
16-May-15,?,
16-May-15,?,
16-May-15,?,
16-May-15,M,
16-May-15,F,
16-May-15,?,
16-May-15,?,
16-May-15,?,
16-May-15,?,
16-May-15,?,
16-May-15,?,
16-May-15,?,
16-May-15,?,
16-May-15,?,
16-May-15,?,
16-May-15,?,
16-May-15,?,
16-May-15,?,
16-May-15,?,
16-May-15,?,
16-May-15,?,
16-May-15,?,
16-May-15,?,
16-May-15,?,
16-May-15,?,
16-May-15,?,
16-May-15,?,
16-May-15,M,
17-May-15,M,
17-May-15,M,
17-May-15,F,
17-May-15,M,
17-May-15,?,
17-May-15,?,
17-May-15,?,
17-May-15,?,
17-May-15,?,
17-May-15,?,
17-May-15,?,
17-May-15,?,
17-May-15,?,
18-May-15,F,
18-May-15,F,
18-May-15,F,
18-May-15,F,
18-May-15,?,
18-May-15,?,
18-May-15,?,
18-May-15,?,
18-May-15,?,
18-May-15,?,
18-May-15,?,
18-May-15,?,
20-May-15,M,
20-May-15,M,
20-May-15,M,
20-May-15,M,
20-May-15,M,
20-May-15,M,
20-May-15,M,
20-May-15,M,
20-May-15,M,
20-May-15,F,
20-May-15,M,
20-May-15,M,
20-May-15,M,
20-May-15,M,
20-May-15,M,
20-May-15,F,
20-May-15,F,
20-May-15,M,
20-May-15,?,
20-May-15,?,
20-May-15,?,
20-May-15,?,
20-May-15,?,
20-May-15,?,
20-May-15,?,
20-May-15,?,
20-May-15,?,
20-May-15,?,
20-May-15,?,
21-May-15,M,
21-May-15,M,
21-May-15,M,
21-May-15,M,
21-May-15,?,
21-May-15,?,
22-May-15,M,
22-May-15,M,
22-May-15,M,
22-May-15,M,
22-May-15,M,
22-May-15,M,
22-May-15,M,
22-May-15,M,
22-May-15,M,
22-May-15,M,
22-May-15,M,
22-May-15,M,
22-May-15,M,
22-May-15,F,
22-May-15,M,
22-May-15,F,
22-May-15,F,
22-May-15,M,
22-May-15,M,
22-May-15,M,
22-May-15,M,
22-May-15,F,
22-May-15,F,
22-May-15,?,
22-May-15,?,
22-May-15,?,
22-May-15,?,
22-May-15,?,
22-May-15,?,
22-May-15,M,
22-May-15,?,
22-May-15,?,
22-May-15,?,
22-May-15,?,
22-May-15,?,
22-May-15,?,
22-May-15,?,
22-May-15,?,
22-May-15,?,
22-May-15,?,
22-May-15,?,
22-May-15,?,
22-May-15,?,
22-May-15,?,
22-May-15,?,
22-May-15,?,
22-May-15,?,
22-May-15,M,
22-May-15,F,
30-May-15,F,
30-May-15,F,
30-May-15,M,
30-May-15,F,
30-May-15,M,
30-May-15,M,
30-May-15,M,
30-May-15,F,
30-May-15,M,
30-May-15,M,
30-May-15,F,
30-May-15,F,
30-May-15,F,
30-May-15,M,
30-May-15,F,
30-May-15,M,
30-May-15,F,
30-May-15,M,
30-May-15,F,
30-May-15,?,
30-May-15,?,
30-May-15,?,
30-May-15,?,
30-May-15,?,
30-May-15,?,
30-May-15,?,
30-May-15,?,
30-May-15,?,
30-May-15,?,
30-May-15,?,
30-May-15,?,
30-May-15,?,
30-May-15,?,
30-May-15,?,
30-May-15,?,
30-May-15,?,
30-May-15,?,
30-May-15,?,
30-May-15,?,
30-May-15,?,
30-May-15,?,
30-May-15,?,
30-May-15,?,
30-May-15,?,
30-May-15,F,
31-May-15,,
31-May-15,M,
31-May-15,M,
31-May-15,M,
31-May-15,M,
31-May-15,M,
31-May-15,M,
31-May-15,F,
31-May-15,F,
31-May-15,F,
31-May-15,F,
31-May-15,F,
31-May-15,?,
31-May-15,?,
31-May-15,?,
31-May-15,?,
31-May-15,?,
31-May-15,?,
31-May-15,?,
31-May-15,?,
31-May-15,?,
31-May-15,?,
31-May-15,?,
31-May-15,?,
31-May-15,?,
31-May-15,?,
31-May-15,?,
31-May-15,?,
31-May-15,?,
31-May-15,?,
31-May-15,?,
31-May-15,?,
31-May-15,?,
31-May-15,?,
12-Jun-15,M,
12-Jun-15,F,
12-Jun-15,M,
12-Jun-15,F,
12-Jun-15,F,
12-Jun-15,F,
12-Jun-15,M,
12-Jun-15,F,
12-Jun-15,?,
12-Jun-15,?,
12-Jun-15,?,
12-Jun-15,?,
12-Jun-15,?,
12-Jun-15,?,
12-Jun-15,?,
12-Jun-15,?,
12-Jun-15,?,
12-Jun-15,?,
12-Jun-15,?,
12-Jun-15,?,
12-Jun-15,?,
13-Jun-15,M,
13-Jun-15,F,
13-Jun-15,F,
13-Jun-15,M,
13-Jun-15,M,
13-Jun-15,?,
13-Jun-15,?,
13-Jun-15,?,
13-Jun-15,?,
13-Jun-15,?,
13-Jun-15,?,
13-Jun-15,?,
13-Jun-15,?,
13-Jun-15,?,
13-Jun-15,?,
13-Jun-15,?,
14-Jun-15,M,
14-Jun-15,M,
14-Jun-15,M,
14-Jun-15,M,
14-Jun-15,F,
14-Jun-15,M,
14-Jun-15,F,
14-Jun-15,F,
14-Jun-15,M,
14-Jun-15,?,
14-Jun-15,?,
14-Jun-15,?,
14-Jun-15,?,
14-Jun-15,?,
14-Jun-15,?,
14-Jun-15,?,
14-Jun-15,?,
14-Jun-15,?,
14-Jun-15,?,
14-Jun-15,?,
14-Jun-15,?,
14-Jun-15,?,
14-Jun-15,?,
14-Jun-15,?,
15-Jun-15,M,
15-Jun-15,M,
15-Jun-15,M,
15-Jun-15,M,
15-Jun-15,M,
15-Jun-15,M,
15-Jun-15,?,
15-Jun-15,?,
15-Jun-15,?,
15-Jun-15,?,
15-Jun-15,?,
15-Jun-15,?,
15-Jun-15,?,
15-Jun-15,?,
18-Jun-15,F,
18-Jun-15,?,
18-Jun-15,?,
18-Jun-15,?,
18-Jun-15,?,
19-Jun-15,?,
19-Jun-15,? ,
19-Jun-15,?,
19-Jun-15,?,
20-Jun-15,F,
20-Jun-15,?,
20-Jun-15,?,
21-Jun-15,F,
21-Jun-15,F,
21-Jun-15,?,
21-Jun-15,?,
21-Jun-15,?,
22-Jun-15,F,
22-Jun-15,F,
22-Jun-15,?,
22-Jun-15,?,
22-Jun-15,?,
28-Jun-15,?,
20-Aug-15,? ,
20-Aug-15,? ,
20-Aug-15,? ,
21-Aug-15,?,
9-Sep-15,?,
11-Aprl-16,?,
12-May-16,?,
12-May-16,?,
14-May-16,F,
15-May-16,?,
15-May-16,M,
16-May-16,M,
16-May-16,M,
16-May-16,?,
20-May-16,M,
20-May-16,?,
20-May-16,?,
20-May-16,?,
20-May-16,M,
20-May-16,?,
20-May-16,?,
20-May-16,?,
20-May-16,?,
21-May-16,?,
21-May-16,?,
21-May-16,?,
21-May-16,?,
21-May-16,?,
21-May-16,?,
21-May-16,?,
21-May-16,M,
21-May-16,?,
22-May-16,?,
22-May-16,?,
24-May-16,?,
24-May-16,?,
24-May-16,?,
24-May-16,M,
24-May-16,?,
25-May-16,?,
25-May-16,?,
25-May-16,?,
25-May-16,?,
25-May-16,F,
25-May-16,?,
25-May-16,?,
25-May-16,?,
25-May-16,M,
25-May-16,F,
25-May-16,M,
25-May-16,?,
25-May-16,?,
26-May-16,?,
1-Jun-16,?,
1-Jun-16,?,
2-Jun-16,M,
2-Jun-16,?,
2-Jun-16,F,
2-Jun-16,?,
3-Jun-16,M,
3-Jun-16,?,
8-Jun-16,?,
8-Jun-16,?,
9-Jun-16,M,
9-Jun-16,F,
15-Jun-16,?,
16-Jun-16,?,
16-Jun-16,?,
16-Jun-16,?,
17-Jun-16,?,
17-Jun-16,M,
17-Jun-16,F,
18-Jun-16,?,
18-Jun-16,?,
12-Sep-16,?,
12-Sep-16,?,
12-Sep-16,?,
13-Sep-16,?,
13-Sep-16,?,
13-Sep-16,?,
14-Sep-16,?,
14-Sep-16,?,
14-Sep-16,?,
14-Sep-16,?,
14-Sep-16,?,
14-Sep-16,?,
14-Sep-16,?,
14-Sep-16,?,
14-Sep-16,?,
14-Sep-16,?,
15-Sep-16,?,
2-Jun-17,M,
2-Jun-17,?,
2-Jun-17,M,
2-Jun-17,?,
2-Jun-17,?,
3-Jun-17,?,
4-Jun-17,?,
4-Jun-17,?,
4-Jun-17,?,
4-Jun-17,?,
5-Jun-17,?,
5-Jun-17,?,
5-Jun-17,?,
5-Jun-17,F,
5-Jun-17,?,
5-Jun-17,?,
5-Jun-17,?,
7-Jun-17,F,
8-Jun-17,?,
9-Jun-17,?,
10-Jun-17,F,
10-Jun-17,?,
10-Jun-17,?,
11-Jun-17,?,
11-Jun-17,?,
13-Jun-17,M,
14-Jun-17,M,
14-Jun-17,F,
15-Jun-17,M,
15-Jun-17,M,
21-Jun-17,?,
21-Jun-17,?,
21-Jun-17,?,
22-Jun-17,F,
22-Jun-17,M,
23-Jun-17,?,
23-Jun-17,?,
2-May-18,?,
2-May-18,?,
2-May-18,?,
2-May-18,?,
3-May-18,?,
3-May-18,?,
3-May-18,?,
3-May-18,?,
3-May-18,?,
4-May-18,M,
4-May-18,?,
4-May-18,?,
4-May-18,?,
4-May-18,?,
4-May-18,?,
4-May-18,?,
4-May-18,?,
5-May-18,?,
5-May-18,M,
5-May-18,?,
5-May-18,?,
5-May-18,?,
6-May-18,?,
6-May-18,?,
6-May-18,M,
6-May-18,F,
6-May-18,?,
6-May-18,?,
6-May-18,M,
6-May-18,?,
6-May-18,?,
6-May-18,?,
6-May-18,?,
6-May-18,?,
6-May-18,?,
6-May-18,?,
6-May-18,?,
6-May-18,M,
6-May-18,?,
6-May-18,?,
6-May-18,?,
6-May-18,?,
6-May-18,?,
6-May-18,?,
6-May-18,?,
5-May-18,?,
5-May-18,?,
5-May-18,M,
5-May-18,?,
5-May-18,?,
5-May-18,?,
5-May-18,?,
5-May-18,?,
5-May-18,?,
5-May-18,M,
5-May-18,?,
5-May-18,?,
5-May-18,M,
5-May-18,?,
5-May-18,?,
5-May-18,?,
5-May-18,?,
5-May-18,?,
5-May-18,?,
5-May-18,?,
5-May-18,?,
5-May-18,?,
9-May-18,F,
9-May-18,?,
9-May-18,?,
9-May-18,M,
9-May-18,?,
9-May-18,?,
9-May-18,?,
9-May-18,?,
9-May-18,?,
9-May-18,?,
10-May-18,?,
10-May-18,M,
10-May-18,M,
10-May-18,?,
10-May-18,?,
10-May-18,?,
10-May-18,?,
10-May-18,?,
10-May-18,?,
10-May-18,?,
10-May-18,?,
10-May-18,?,
10-May-18,M,
10-May-18,M,
10-May-18,?,
10-May-18,?,
10-May-18,?,
10-May-18,?,
10-May-18,M,
10-May-18,?,
10-May-18,?,
11-May-18,?,
11-May-18,?,
11-May-18,?,
11-May-18,?,
11-May-18,?,
11-May-18,?,
11-May-18,?,
11-May-18,?,
11-May-18,M,
11-May-18,?,
11-May-18,?,
12-May-18,?,
13-May-18,?,
14-May-18,M,
14-May-18,M,
14-May-18,?,
14-May-18,?,
14-May-18,?,
14-May-18,?,
14-May-18,M,
14-May-18,?,
14-May-18,?,
14-May-18,?,
14-May-18,M,
16-May-18,F,
16-May-18,?,
16-May-18,?,
16-May-18,?,
16-May-18,?,
16-May-18,?,
16-May-18,?,
16-May-18,?,
16-May-18,?,
17-May-18,?,
17-May-18,?,
17-May-18,?,
17-May-18,?,
18-May-18,?,
18-May-18,?,
18-May-18,?,
18-May-18,?,
18-May-18,?,
18-May-18,?,
18-May-18,?,
18-May-18,?,
18-May-18,?,
18-May-18,?,
18-May-18,?,
18-May-18,?,
18-May-18,M,
18-May-18,?,
18-May-18,?,
18-May-18,M,
18-May-18,?,
18-May-18,M,
18-May-18,?,
18-May-18,M,
18-May-18,?,
18-May-18,?,
20-May-18,F,
21-May-18,M,
21-May-18,M,
21-May-18,?,
21-May-18,?,
21-May-18,M,
21-May-18,M,
21-May-18,?,
21-May-18,?,
21-May-18,?,
30-May-18,?,
30-May-18,?,
30-May-18,?,
30-May-18,?,
30-May-18,?,
30-May-18,?,
30-May-18,?,
30-May-18,?,
30-May-18,M,
30-May-18,?,
30-May-18,M,
30-May-18,M,
30-May-18,?,
30-May-18,F,
30-May-18,?,
30-May-18,?,
30-May-18,?,
30-May-18,?,
30-May-18,?,
30-May-18,?,
31-May-18,?,
31-May-18,?,
31-May-18,F,
31-May-18,M,
31-May-18,M,
31-May-18,?,
31-May-18,M,
31-May-18,F,
31-May-18,?,
31-May-18,?,
31-May-18,M,
31-May-18,?,
31-May-18,F,
31-May-18,?,
31-May-18,?,
31-May-18,?,
31-May-18,M,
31-May-18,M,
31-May-18,F,
31-May-18,?,
31-May-18,?,
31-May-18,?,
31-May-18,?,
1-Jun-18,?,
1-Jun-18,?,
1-Jun-18,M,
1-Jun-18,?,
1-Jun-18,F,
1-Jun-18,?,
1-Jun-18,?,
1-Jun-18,M,
1-Jun-18,?,
1-Jun-18,M,
1-Jun-18,?,
1-Jun-18,F,
1-Jun-18,?,
1-Jun-18,?,
1-Jun-18,F,
1-Jun-18,?,
1-Jun-18,?,
1-Jun-18,M,
1-Jun-18,M,
1-Jun-18,F,
1-Jun-18,?,
1-Jun-18,F,
1-Jun-18,?,
1-Jun-18,F,
1-Jun-18,F,
1-Jun-18,F,
1-Jun-18,?,
1-Jun-18,?,
1-Jun-18,F,
2-Jun-18,?,
2-Jun-18,?,
2-Jun-18,?,
2-Jun-18,?,
2-Jun-18,M,
2-Jun-18,?,
2-Jun-18,?,
2-Jun-18,?,
2-Jun-18,?,
2-Jun-18,M,
2-Jun-18,F,
2-Jun-18,?,
2-Jun-18,?,
2-Jun-18,?,
2-Jun-18,F,
2-Jun-18,?,
2-Jun-18,F,
2-Jun-18,M,
2-Jun-18,?,
3-Jun-18,?,
3-Jun-18,?,
3-Jun-18,F,
3-Jun-18,?,
3-Jun-18,?,
3-Jun-18,?,
3-Jun-18,?,
4-Jun-18,F,
4-Jun-18,F,
4-Jun-18,?,
4-Jun-18,?,
4-Jun-18,?,
4-Jun-18,?,
4-Jun-18,M,
4-Jun-18,?,
4-Jun-18,M,
4-Jun-18,?,
4-Jun-18,?,
4-Jun-18,?,
4-Jun-18,?,
4-Jun-18,?,
4-Jun-18,M,
6-Jun-18,?,
6-Jun-18,?,
6-Jun-18,?,
6-Jun-18,M,
6-Jun-18,?,
6-Jun-18,?,
6-Jun-18,M,
6-Jun-18,?,
6-Jun-18,?,
6-Jun-18,?,
7-Jun-18,?,
8-Jun-18,M,
8-Jun-18,F,
8-Jun-18,?,
9-Jun-18,?,
9-Jun-18,?,
9-Jun-18,?,
9-Jun-18,?,
9-Jun-18,?,
9-Jun-18,?,
9-Jun-18,?,
9-Jun-18,?,
10-Jun-18,?,
10-Jun-18,?,
10-Jun-18,?,
10-Jun-18,?,
11-Jun-18,?,
14-Jun-18,?,
14-Jun-18,?,
15-Jun-18,?,
15-Jun-18,?,
16-Jun-18,?,
16-Jun-18,M,
17-Jun-18,M,
17-Jun-18,?,
17-Jun-18,?,
17-Jun-18,M,
18-Jun-18,?,
10-Jun-19,?,
10-Jun-19,M,
10-Jun-19,?,
10-Jun-19,?,
10-Jun-19,M,
10-Jun-19,?,
10-Jun-19,M,
10-Jun-19,?,
10-Jun-19,F,
10-Jun-19,?,
10-Jun-19,?,
10-Jun-19,M,
10-Jun-19,?,
10-Jun-19,?,
10-Jun-19,M,
10-Jun-19,M,
10-Jun-19,F,
10-Jun-19,?,
10-Jun-19,?,
10-Jun-19,?,
10-Jun-19,?,
10-Jun-19,?,
10-Jun-19,?,
10-Jun-19,?,
10-Jun-19,?,
10-Jun-19,?,
10-Jun-19,?,
10-Jun-19,?,
10-Jun-19,?,
10-Jun-19,?,
10-Jun-19,?,
11-Jun-19,?,
11-Jun-19,?,
11-Jun-19,M,
11-Jun-19,F,
11-Jun-19,M,
11-Jun-19,?,
11-Jun-19,?,
11-Jun-19,?,
11-Jun-19,?,
11-Jun-19,?,
11-Jun-19,?,
11-Jun-19,?,
11-Jun-19,?,
11-Jun-19,?,
11-Jun-19,?,
11-Jun-19,M,
11-Jun-19,F,
11-Jun-19,? ,
11-Jun-19,? ,
11-Jun-19,? ,
11-Jun-19,? ,
11-Jun-19,? ,
11-Jun-19,? ,
11-Jun-19,? ,
11-Jun-19,? ,
11-Jun-19,? ,
12-Jun-19,? ,
12-Jun-19,M,
12-Jun-19,? ,
12-Jun-19,? ,
12-Jun-19,M,
12-Jun-19,? ,
12-Jun-19,? ,
12-Jun-19,? ,
12-Jun-19,? ,
12-Jun-19,M,
12-Jun-19,F,
12-Jun-19,? ,
12-Jun-19,? ,
12-Jun-19,? ,
12-Jun-19,? ,
12-Jun-19,M,
12-Jun-19,F,
12-Jun-19,? ,
12-Jun-19,M,
12-Jun-19,F,
12-Jun-19,? ,
12-Jun-19,F,
12-Jun-19,? ,
12-Jun-19,? ,
12-Jun-19,? ,
12-Jun-19,? ,
12-Jun-19,M,
12-Jun-19,F,
12-Jun-19,? ,
12-Jun-19,F,
12-Jun-19,? ,
12-Jun-19,M,
12-Jun-19,? ,
12-Jun-19,? ,
12-Jun-19,? ,
3-May-21,M,
3-May-21,M,
3-May-21,? ,
3-May-21,M,
3-May-21,M,
3-May-21,?,
4-May-21,F,
4-May-21,F,
4-May-21,?,
4-May-21,?,
4-May-21,M,
4-May-21,?,
4-May-21,?,
4-May-21,F,
4-May-21,M,
4-May-21,?,
4-May-21,?,
5-May-21,M,
5-May-21,M,
5-May-21,?,
5-May-21,?,
5-May-21,?,
17-May-21,?,
17-May-21,?,
17-May-21,?,
17-May-21,?,
17-May-21,M,
17-May-21,?,
17-May-21,?,
17-May-21,?,
17-May-21,?,
17-May-21,?,
17-May-21,?,
17-May-21,?,
17-May-21,?,
17-May-21,?,
17-May-21,?,
17-May-21,?,
17-May-21,F,
17-May-21,F,
17-May-21,M,
17-May-21,?,
17-May-21,?,
17-May-21,?,
17-May-21,?,
17-May-21,?,
17-May-21,?,
17-May-21,?,
17-May-21,?,
17-May-21,?,
17-May-21,?,
17-May-21,M,
17-May-21,?,
17-May-21,?,
17-May-21,?,
18-May-21,?,
18-May-21,M,
18-May-21,M,
18-May-21,?,
18-May-21,M,
18-May-21,M,
18-May-21,?,
18-May-21,M,
18-May-21,?,
18-May-21,?,
18-May-21,M,
18-May-21,?,
18-May-21,?,
18-May-21,?,
18-May-21,?,
18-May-21,?,
18-May-21,?,
18-May-21,?,
18-May-21,?,
18-May-21,?,
18-May-21,?,
18-May-21,?,
18-May-21,?,
18-May-21,?,
18-May-21,?,
18-May-21,?,
18-May-21,?,
18-May-21,?,
18-May-21,?,
18-May-21,M,
18-May-21,?,
18-May-21,M,
18-May-21,M,
18-May-21,?,
18-May-21,?,
18-May-21,?,
18-May-21,?,
18-May-21,?,
18-May-21,?,
18-May-21,M,
18-May-21,M,
18-May-21,?,
18-May-21,?,
18-May-21,?,
18-May-21,?,
18-May-21,F,
18-May-21,?,
18-May-21,?,
18-May-21,?,
18-May-21,?,
18-May-21,?,
18-May-21,?,
18-May-21,M,
18-May-21,M,
18-May-21,?,
18-May-21,?,
18-May-21,?,
18-May-21,M,
18-May-21,?,
18-May-21,?,
18-May-21,M,
18-May-21,?,
18-May-21,?,
18-May-21,M,
18-May-21,?,
18-May-21,?,
18-May-21,?,
18-May-21,M,
18-May-21,M,
18-May-21,M,
18-May-21,?,
18-May-21,M,
18-May-21,M,
18-May-21,M,
19-May-21,?,
19-May-21,?,
19-May-21,?,
19-May-21,?,
19-May-21,?,
19-May-21,?,
19-May-21,M,
19-May-21,?,
19-May-21,?,
19-May-21,?,
19-May-21,?,
19-May-21,?,
19-May-21,?,
19-May-21,?,
19-May-21,?,
19-May-21,?,
19-May-21,?,
19-May-21,?,
19-May-21,M,
19-May-21,M,
19-May-21,?,
19-May-21,?,
19-May-21,?,
19-May-21,?,
19-May-21,M,
19-May-21,F,
19-May-21,?,
19-May-21,?,
19-May-21,?,
19-May-21,?,
19-May-21,?,
19-May-21,?,
19-May-21,?,
19-May-21,F,
19-May-21,?,
19-May-21,?,
19-May-21,?,
19-May-21,F,
19-May-21,?,
19-May-21,?,
19-May-21,?,
19-May-21,?,
19-May-21,M,
19-May-21,M,
19-May-21,?,
19-May-21,?,
19-May-21,F,
19-May-21,?,
19-May-21,?,
19-May-21,?,
19-May-21,?,
19-May-21,?,
19-May-21,?,
19-May-21,M,
19-May-21,F,
19-May-21,?,
19-May-21,?,
19-May-21,?,
19-May-21,?,
19-May-21,?,
19-May-21,?,
19-May-21,?,
19-May-21,?,
19-May-21,M,
19-May-21,M,
19-May-21,?,
19-May-21,?,
19-May-21,?,
19-May-21,?,
19-May-21,?,
19-May-21,?,
19-May-21,M,
19-May-21,M,
19-May-21,?,
19-May-21,?,
19-May-21,?,
19-May-21,?,
19-May-21,?,
19-May-21,M,
19-May-21,M,
20-May-21,M,
20-May-21,?,
20-May-21,?,
20-May-21,M,
20-May-21,?,
20-May-21,M,
20-May-21,?,
20-May-21,?,
20-May-21,?,
20-May-21,?,
20-May-21,?,
20-May-21,M,
20-May-21,?,
20-May-21,?,
20-May-21,?,
20-May-21,M,
20-May-21,M,
20-May-21,?,
20-May-21,?,
20-May-21,?,
20-May-21,?,
20-May-21,M,
20-May-21,M,
20-May-21,?,
20-May-21,?,
20-May-21,?,
20-May-21,M,
20-May-21,F,
20-May-21,?,
20-May-21,?,
20-May-21,?,
20-May-21,?,
20-May-21,?,
20-May-21,M,
20-May-21,?,
20-May-21,?,
20-May-21,?,
20-May-21,?,
20-May-21,?,
20-May-21,?,
20-May-21,?,
20-May-21,M,
20-May-21,?,
20-May-21,?,
20-May-21,?,
20-May-21,?,
20-May-21,M,
20-May-21,?,
20-May-21,?,
20-May-21,?,
20-May-21,?,
20-May-21,?,
20-May-21,?,
20-May-21,M,
20-May-21,?,
20-May-21,?,
20-May-21,F,
20-May-21,F,
20-May-21,?,
20-May-21,?,
20-May-21,?,
20-May-21,M,
20-May-21,?,
20-May-21,?,
20-May-21,?,
20-May-21,?,
20-May-21,?,
20-May-21,?,
20-May-21,?,
20-May-21,?,
20-May-21,?,
20-May-21,M,
20-May-21,M,
20-May-21,?,
20-May-21,?,
20-May-21,?,
20-May-21,?,
20-May-21,?,
20-May-21,?,
20-May-21,?,
20-May-21,?,
20-May-21,F,
20-May-21,?,
24-May-21,?,
24-May-21,?,
24-May-21,?,
24-May-21,?,
24-May-21,?,
24-May-21,?,
24-May-21,?,
24-May-21,?,
24-May-21,?,
24-May-21,?,
24-May-21,M,
24-May-21,?,
24-May-21,?,
24-May-21,?,
24-May-21,?,
24-May-21,?,
24-May-21,?,
24-May-21,?,
24-May-21,F,
24-May-21,?,
24-May-21,F,
24-May-21,?,
24-May-21,?,
24-May-21,?,
24-May-21,M,
24-May-21,?,
24-May-21,?,
24-May-21,M,
24-May-21,M,
24-May-21,?,
24-May-21,?,
24-May-21,M,
24-May-21,?,
24-May-21,?,
24-May-21,?,
24-May-21,?,
24-May-21,?,
24-May-21,?,
24-May-21,?,
24-May-21,?,
24-May-21,?,
24-May-21,M,
24-May-21,F,
24-May-21,?,
24-May-21,?,
24-May-21,F,
24-May-21,?,
24-May-21,M,
24-May-21,?,
24-May-21,?,
24-May-21,M,
24-May-21,M,
24-May-21,?,
24-May-21,F,
24-May-21,F,
24-May-21,?,
24-May-21,?,
24-May-21,?,
24-May-21,F,
24-May-21,?,
24-May-21,M,
24-May-21,F,
24-May-21,M,
24-May-21,?,
25-May-21,M,
25-May-21,?,
25-May-21,?,
25-May-21,?,
25-May-21,?,
25-May-21,M,
25-May-21,?,
25-May-21,M,
25-May-21,?,
25-May-21,F,
25-May-21,?,
25-May-21,M,
25-May-21,F,
25-May-21,?,
25-May-21,?,
25-May-21,?,
25-May-21,?,
25-May-21,M,
25-May-21,?,
25-May-21,?,
25-May-21,?,
25-May-21,?,
25-May-21,?,
25-May-21,M,
25-May-21,?,
25-May-21,?,
25-May-21,?,
25-May-21,?,
25-May-21,?,
25-May-21,?,
25-May-21,?,
25-May-21,M,
25-May-21,?,
25-May-21,?,
25-May-21,?,
25-May-21,?,
25-May-21,M,
25-May-21,?,
25-May-21,?,
25-May-21,?,
25-May-21,M,
25-May-21,F,
25-May-21,?,
25-May-21,F,
25-May-21,?,
25-May-21,?,
25-May-21,F,
25-May-21,?,
25-May-21,?,
25-May-21,M,
25-May-21,F,
25-May-21,?,
25-May-21,M,
25-May-21,F,
25-May-21,M,
25-May-21,F,
25-May-21,?,
25-May-21,?,
25-May-21,?,
25-May-21,?,
25-May-21,?,
25-May-21,?,
25-May-21,M,
25-May-21,?,
25-May-21,?,
25-May-21,?,
25-May-21,M,
25-May-21,F,
25-May-21,?,
25-May-21,M,
25-May-21,M,
25-May-21,M,
25-May-21,F,
25-May-21,M,
25-May-21,n/r,
25-May-21,?,
25-May-21,?,
25-May-21,?,
25-May-21,?,
25-May-21,?,
25-May-21,F,
25-May-21,F,
25-May-21,?,
25-May-21,?,
25-May-21,M,
25-May-21,?,
25-May-21,M,
25-May-21,?,
25-May-21,?,
25-May-21,?,
25-May-21,?,
25-May-21,M,
25-May-21,?,
25-May-21,?,
25-May-21,?,
25-May-21,?,
25-May-21,M,
25-May-21,M,
25-May-21,?,
25-May-21,?,
25-May-21,F,
25-May-21,?,
25-May-21,?,
25-May-21,M,
25-May-21,?,
26-May-21,?,
26-May-21,?,
26-May-21,M,
26-May-21,M,
26-May-21,M,
26-May-21,M,
26-May-21,M,
26-May-21,M,
26-May-21,M,
26-May-21,?,
26-May-21,?,
26-May-21,M,
26-May-21,?,
26-May-21,?,
26-May-21,M,
26-May-21,M,
26-May-21,M,
26-May-21,M,
26-May-21,?,
26-May-21,M,
26-May-21,?,
26-May-21,M,
26-May-21,?,
26-May-21,?,
26-May-21,?,
26-May-21,?,
26-May-21,M,
26-May-21,n/r,
26-May-21,?,
26-May-21,?,
26-May-21,M,
26-May-21,?,
26-May-21,?,
26-May-21,?,
26-May-21,?,
26-May-21,?,
26-May-21,?,
26-May-21,?,
26-May-21,?,
26-May-21,M,
26-May-21,M,
26-May-21,?,
26-May-21,?,
26-May-21,?,
26-May-21,?,
26-May-21,F,
26-May-21,n/r,
26-May-21,M,
26-May-21,?,
26-May-21,?,
26-May-21,?,
26-May-21,?,
26-May-21,?,
26-May-21,?,
26-May-21,?,
26-May-21,?,
26-May-21,?,
26-May-21,?,
26-May-21,?,
26-May-21,?,
26-May-21,?,
26-May-21,?,
26-May-21,M,
26-May-21,?,
26-May-21,?,
26-May-21,?,
26-May-21,F,
26-May-21,n/r,
26-May-21,F,
26-May-21,?,
26-May-21,n/r,
26-May-21,F,
26-May-21,F,
26-May-21,M,
26-May-21,F,
26-May-21,F,
26-May-21,F,
26-May-21,M,
26-May-21,?,
26-May-21,?,
26-May-21,?,
26-May-21,?,
26-May-21,?,
26-May-21,F,
26-May-21,F,
26-May-21,M,
26-May-21,?,
26-May-21,F,
26-May-21,?,
26-May-21,?,
26-May-21,?,
26-May-21,?,
26-May-21,F,
26-May-21,?,
26-May-21,?,
26-May-21,M,
26-May-21,?,
26-May-21,?,
26-May-21,?,
26-May-21,?,
26-May-21,?,
26-May-21,?,
26-May-21,M,
26-May-21,?,
26-May-21,?,
26-May-21,?,
26-May-21,F,
26-May-21,M,
26-May-21,F,
26-May-21,?,
26-May-21,?,
26-May-21,?,
26-May-21,?,
26-May-21,F,
26-May-21,?,
26-May-21,?,
26-May-21,?,
26-May-21,?,
26-May-21,?,
26-May-21,?,
26-May-21,M,
26-May-21,?,
26-May-21,M,
26-May-21,?,
26-May-21,?,
26-May-21,F,
26-May-21,?,
26-May-21,M,
26-May-21,?,
26-May-21,?,
26-May-21,?,
26-May-21,?,
26-May-21,?,
26-May-21,M,
26-May-21,?,
26-May-21,?,
26-May-21,M,
26-May-21,F,
26-May-21,?,
26-May-21,?,
26-May-21,?,
26-May-21,M,
26-May-21,?,
26-May-21,?,
26-May-21,M,
26-May-21,F,
26-May-21,?,
26-May-21,?,
26-May-21,M,
26-May-21,M,
26-May-21,?,
26-May-21,?,
26-May-21,?,
27-May-21,?,
27-May-21,?,
27-May-21,?,
27-May-21,?,
27-May-21,M,
27-May-21,M,
27-May-21,M,
27-May-21,?,
27-May-21,?,
27-May-21,M,
27-May-21,?,
27-May-21,M,
27-May-21,F,
27-May-21,M,
27-May-21,?,
27-May-21,?,
27-May-21,M,
27-May-21,?,
27-May-21,?,
27-May-21,?,
27-May-21,M,
27-May-21,M,
27-May-21,M,
27-May-21,F,
27-May-21,M,
27-May-21,F,
27-May-21,M,
27-May-21,?,
27-May-21,?,
27-May-21,?,
27-May-21,?,
27-May-21,?,
27-May-21,M,
27-May-21,?,
27-May-21,M,
27-May-21,F,
27-May-21,M,
27-May-21,M,
27-May-21,?,
27-May-21,M,
27-May-21,?,
27-May-21,M,
27-May-21,?,
27-May-21,M,
27-May-21,?,
27-May-21,F,
27-May-21,M,
27-May-21,?,
27-May-21,?,
27-May-21,M,
27-May-21,?,
27-May-21,?,
27-May-21,M,
27-May-21,M,
27-May-21,M,
27-May-21,F,
27-May-21,?,
27-May-21,M,
27-May-21,F,
27-May-21,?,
27-May-21,?,
27-May-21,?,
27-May-21,?,
27-May-21,?,
27-May-21,F,
27-May-21,M,
27-May-21,F,
27-May-21,?,
27-May-21,?,
27-May-21,?,
27-May-21,?,
27-May-21,?,
27-May-21,F,
27-May-21,?,
27-May-21,?,
27-May-21,?,
27-May-21,?,
27-May-21,F,
27-May-21,?,
27-May-21,M,
27-May-21,?,
27-May-21,?,
27-May-21,M,
27-May-21,M,
27-May-21,F,
27-May-21,?,
27-May-21,M,
27-May-21,?,
27-May-21,?,
27-May-21,?,
27-May-21,M,
27-May-21,?,
27-May-21,?,
27-May-21,?,
27-May-21,?,
27-May-21,?,
27-May-21,?,
27-May-21,?,
27-May-21,?,
27-May-21,?,
27-May-21,M,
27-May-21,F,
27-May-21,M,
27-May-21,?,
27-May-21,M,
27-May-21,?,
27-May-21,?,
27-May-21,?,
27-May-21,?,
27-May-21,M,
27-May-21,?,
27-May-21,M,
27-May-21,?,
27-May-21,?,
27-May-21,?,
27-May-21,F,
27-May-21,?,
27-May-21,M,
27-May-21,?,
27-May-21,?,
27-May-21,M,
27-May-21,?,
27-May-21,?,
27-May-21,?,
27-May-21,F,
27-May-21,?,
27-May-21,?,
27-May-21,?,
27-May-21,n/r,
27-May-21,M,
27-May-21,?,
27-May-21,?,
27-May-21,?,
27-May-21,?,
27-May-21,?,
27-May-21,?,
27-May-21,M,
27-May-21,?,
27-May-21,?,
27-May-21,F,
27-May-21,?,
27-May-21,?,
27-May-21,?,
27-May-21,M,
27-May-21,?,
27-May-21,?,
27-May-21,?,
27-May-21,F,
27-May-21,?,
27-May-21,?,
27-May-21,M,
27-May-21,M,
27-May-21,M,
27-May-21,?,
27-May-21,M,
27-May-21,?,
27-May-21,?,
27-May-21,?,
27-May-21,?,
27-May-21,?,
27-May-21,F,
27-May-21,?,
27-May-21,M,
27-May-21,?,
27-May-21,?,
27-May-21,?,
27-May-21,?,
27-May-21,?,
27-May-21,M,
27-May-21,F,
27-May-21,?,
27-May-21,M,
27-May-21,?,
27-May-21,?,
27-May-21,?,
27-May-21,?,
27-May-21,M,
28-May-21,M,
28-May-21,?,
28-May-21,M,
28-May-21,?,
28-May-21,?,
28-May-21,M,
5-Jun-21,M,
5-Jun-21,M,
5-Jun-21,M,
5-Jun-21,M,
5-Jun-21,M,
6-Jun-21,?,
6-Jun-21,?,
6-Jun-21,?,
6-Jun-21,M,
6-Jun-21,?,
6-Jun-21,?,
6-Jun-21,?,
6-Jun-21,M,
6-Jun-21,?,
6-Jun-21,F,
6-Jun-21,F,
6-Jun-21,?,
6-Jun-21,?,
6-Jun-21,?,
6-Jun-21,M,
6-Jun-21,M,
6-Jun-21,F,
6-Jun-21,?,
6-Jun-21,M,
6-Jun-21,?,
6-Jun-21,?,
6-Jun-21,?,
6-Jun-21,?,
6-Jun-21,M,
6-Jun-21,M,
6-Jun-21,?,
6-Jun-21,?,
6-Jun-21,F,
6-Jun-21,?,
6-Jun-21,F,
6-Jun-21,M,
6-Jun-21,M,
6-Jun-21,F,
6-Jun-21,M,
6-Jun-21,M,
6-Jun-21,?,
6-Jun-21,?,
6-Jun-21,?,
6-Jun-21,?,
6-Jun-21,?,
6-Jun-21,M,
6-Jun-21,M,
6-Jun-21,F,
6-Jun-21,M,
6-Jun-21,?,
6-Jun-21,M,
6-Jun-21,F,
6-Jun-21,?,
6-Jun-21,?,
6-Jun-21,?,
6-Jun-21,?,
6-Jun-21,?,
6-Jun-21,M,
6-Jun-21,M,
6-Jun-21,F,
6-Jun-21,?,
6-Jun-21,?,
6-Jun-21,?,
6-Jun-21,?,
6-Jun-21,?,
6-Jun-21,M,
6-Jun-21,F,
6-Jun-21,M,
6-Jun-21,?,
6-Jun-21,?,
6-Jun-21,?,
6-Jun-21,M,
6-Jun-21,M,
6-Jun-21,M ,
6-Jun-21,M,
6-Jun-21,M,
6-Jun-21,F,
6-Jun-21,?,
6-Jun-21,M,
6-Jun-21,?,
6-Jun-21,M,
6-Jun-21,?,
6-Jun-21,M,
6-Jun-21,M,
6-Jun-21,M,
6-Jun-21,?,
6-Jun-21,M,
6-Jun-21,M,
6-Jun-21,M ,
6-Jun-21,F ,
6-Jun-21,?,
6-Jun-21,M,
6-Jun-21,?,
6-Jun-21,?,
6-Jun-21,M,
6-Jun-21,?,
6-Jun-21,?,
7-Jun-21,?,
7-Jun-21,?,
7-Jun-21,M,
7-Jun-21,M,
7-Jun-21,M,
7-Jun-21,?,
7-Jun-21,M,
7-Jun-21,?,
7-Jun-21,M,
7-Jun-21,M,
7-Jun-21,?,
7-Jun-21,?,
7-Jun-21,M,
7-Jun-21,?,
7-Jun-21,?,
7-Jun-21,?,
7-Jun-21,M,
7-Jun-21,F,
7-Jun-21,M,
7-Jun-21,?,
7-Jun-21,?,
7-Jun-21,M,
7-Jun-21,F,
7-Jun-21,M,
7-Jun-21,?,
7-Jun-21,M,
7-Jun-21,M,
7-Jun-21,F,
7-Jun-21,F,
7-Jun-21,M,
7-Jun-21,F,
7-Jun-21,M,
7-Jun-21,?,
7-Jun-21,F,
7-Jun-21,?,
7-Jun-21,M,
7-Jun-21,M,
7-Jun-21,F,
7-Jun-21,?,
7-Jun-21,?,
7-Jun-21,F,
7-Jun-21,M,
7-Jun-21,M,
7-Jun-21,M,
7-Jun-21,?,
7-Jun-21,M,
7-Jun-21,M,
7-Jun-21,?,
7-Jun-21,?,
7-Jun-21,F,
7-Jun-21,F,
7-Jun-21,M,
7-Jun-21,?,
7-Jun-21,M,
7-Jun-21,F,
7-Jun-21,M,
7-Jun-21,?,
7-Jun-21,M,
7-Jun-21,?,
7-Jun-21,M,
7-Jun-21,?,
7-Jun-21,?,
7-Jun-21,?,
7-Jun-21,M,
7-Jun-21,?,
7-Jun-21,?,
7-Jun-21,F,
7-Jun-21,?,
7-Jun-21,M,
7-Jun-21,M,
7-Jun-21,?,
7-Jun-21,M,
7-Jun-21,?,
7-Jun-21,M,
7-Jun-21,?,
7-Jun-21,F,
7-Jun-21,?,
7-Jun-21,F,
7-Jun-21,?,
7-Jun-21,F,
8-Jun-21,?,
8-Jun-21,M,
8-Jun-21,?,
8-Jun-21,M,
8-Jun-21,?,
8-Jun-21,?,
8-Jun-21,M,
8-Jun-21,?,
8-Jun-21,M,
8-Jun-21,M,
8-Jun-21,M,
8-Jun-21,?,
8-Jun-21,?,
8-Jun-21,?,
8-Jun-21,M,
8-Jun-21,?,
8-Jun-21,M,
8-Jun-21,M,
8-Jun-21,?,
8-Jun-21,?,
8-Jun-21,?,
8-Jun-21,?,
8-Jun-21,?,
8-Jun-21,?,
8-Jun-21,?,
8-Jun-21,M,
8-Jun-21,F,
8-Jun-21,?,
8-Jun-21,M,
8-Jun-21,?,
8-Jun-21,?,
8-Jun-21,?,
8-Jun-21,?,
8-Jun-21,?,
8-Jun-21,?,
8-Jun-21,M,
8-Jun-21,?,
8-Jun-21,?,
8-Jun-21,?,
8-Jun-21,F,
8-Jun-21,?,
8-Jun-21,F,
8-Jun-21,M,
8-Jun-21,?,
8-Jun-21,F,
8-Jun-21,F,
8-Jun-21,F,
8-Jun-21,M,
8-Jun-21,?,
8-Jun-21,F,
8-Jun-21,F,
8-Jun-21,M,
8-Jun-21,?,
9-Jun-21,?,
9-Jun-21,M,
9-Jun-21,M,
9-Jun-21,M,
9-Jun-21,M,
9-Jun-21,M,
9-Jun-21,?,
9-Jun-21,?,
9-Jun-21,?,
9-Jun-21,F,
9-Jun-21,M,
9-Jun-21,?,
9-Jun-21,M,
9-Jun-21,?,
9-Jun-21,F,
9-Jun-21,?,
9-Jun-21,?,
9-Jun-21,?,
9-Jun-21,?,
9-Jun-21,?,
9-Jun-21,?,
9-Jun-21,?,
9-Jun-21,M,
9-Jun-21,?,
9-Jun-21,F,
9-Jun-21,?,
9-Jun-21,?,
9-Jun-21,F,
14-Jun-21,?,
14-Jun-21,?,
14-Jun-21,M,
14-Jun-21,M,
14-Jun-21,M,
14-Jun-21,F,
14-Jun-21,?,
14-Jun-21,?,
14-Jun-21,M,
14-Jun-21,M,
14-Jun-21,F,
14-Jun-21,?,
14-Jun-21,?,
14-Jun-21,?,
14-Jun-21,M,
14-Jun-21,M,
14-Jun-21,?,
14-Jun-21,F,
14-Jun-21,?,
14-Jun-21,?,
14-Jun-21,?,
14-Jun-21,?,
14-Jun-21,M,
14-Jun-21,F,
14-Jun-21,?,
14-Jun-21,M,
14-Jun-21,F,
14-Jun-21,M,
14-Jun-21,M,
14-Jun-21,M,
14-Jun-21,?,
14-Jun-21,?,
14-Jun-21,?,
14-Jun-21,F,
14-Jun-21,?,
14-Jun-21,?,
14-Jun-21,?,
14-Jun-21,M,
14-Jun-21,?,
15-Jun-21,?,
15-Jun-21,M,
15-Jun-21,M,
15-Jun-21,?,
15-Jun-21,?,
15-Jun-21,M,
15-Jun-21,F,
15-Jun-21,?,
15-Jun-21,?,
15-Jun-21,?,
15-Jun-21,F,
15-Jun-21,M,
15-Jun-21,F,
15-Jun-21,?,
15-Jun-21,?,
15-Jun-21,F,
15-Jun-21,M,
15-Jun-21,?,
15-Jun-21,M,
15-Jun-21,F,
15-Jun-21,?,
15-Jun-21,?,
15-Jun-21,?,
15-Jun-21,?,
15-Jun-21,?,
15-Jun-21,F,
15-Jun-21,F,
15-Jun-21,?,
15-Jun-21,M,
15-Jun-21,M,
15-Jun-21,F,
15-Jun-21,M,
15-Jun-21,?,
15-Jun-21,?,
15-Jun-21,M,
15-Jun-21,?,
15-Jun-21,?,
15-Jun-21,?,
15-Jun-21,M,
15-Jun-21,F,
15-Jun-21,M,
15-Jun-21,?,
15-Jun-21,?,
15-Jun-21,?,
15-Jun-21,?,
15-Jun-21,?,
15-Jun-21,?,
15-Jun-21,?,
15-Jun-21,?,
15-Jun-21,?,
15-Jun-21,M,
15-Jun-21,F,
15-Jun-21,F,
15-Jun-21,M,
15-Jun-21,F,
15-Jun-21,?,
15-Jun-21,M,
15-Jun-21,F,
15-Jun-21,?,
15-Jun-21,F,
15-Jun-21,?,
15-Jun-21,?,
15-Jun-21,M,
15-Jun-21,?,
15-Jun-21,M,
15-Jun-21,M,
15-Jun-21,M,
15-Jun-21,?,
15-Jun-21,?,
15-Jun-21,?,
15-Jun-21,?,
15-Jun-21,F,
15-Jun-21,?,
15-Jun-21,?,
15-Jun-21,?,
15-Jun-21,?,
15-Jun-21,F,
15-Jun-21,?,
15-Jun-21,?,
15-Jun-21,M,
15-Jun-21,M,
15-Jun-21,M,
15-Jun-21,M,
15-Jun-21,M,
15-Jun-21,M,
15-Jun-21,M,
15-Jun-21,?,
15-Jun-21,M,
15-Jun-21,M,
15-Jun-21,F,
15-Jun-21,?,
15-Jun-21,M,
15-Jun-21,M,
15-Jun-21,?,
15-Jun-21,?,
15-Jun-21,?,
15-Jun-21,?,
15-Jun-21,?,
15-Jun-21,?,
15-Jun-21,M,
15-Jun-21,M,
15-Jun-21,?,
15-Jun-21,?,
15-Jun-21,M,
15-Jun-21,F,
15-Jun-21,M,
15-Jun-21,F,
15-Jun-21,?,
15-Jun-21,F,
15-Jun-21,?,
15-Jun-21,M,
15-Jun-21,?,
15-Jun-21,?,
15-Jun-21,M,
15-Jun-21,?,
16-Jun-21,F,
16-Jun-21,?,
16-Jun-21,F,
16-Jun-21,?,
16-Jun-21,?,
16-Jun-21,?,
16-Jun-21,F,
16-Jun-21,M,
16-Jun-21,F,
16-Jun-21,?,
16-Jun-21,?,
16-Jun-21,F,
16-Jun-21,M,
16-Jun-21,?,
16-Jun-21,F,
16-Jun-21,M,
16-Jun-21,?,
16-Jun-21,M,
16-Jun-21,M,
16-Jun-21,?,
16-Jun-21,?,
16-Jun-21,?,
16-Jun-21,F,
16-Jun-21,?,
16-Jun-21,M,
16-Jun-21,?,
16-Jun-21,?,
16-Jun-21,?,
16-Jun-21,?,
16-Jun-21,F,
16-Jun-21,M,
16-Jun-21,?,
16-Jun-21,?,
16-Jun-21,?,
16-Jun-21,?,
16-Jun-21,?,
16-Jun-21,M,
16-Jun-21,M,
16-Jun-21,?,
16-Jun-21,?,
16-Jun-21,F,
16-Jun-21,?,
16-Jun-21,M,
16-Jun-21,F,
16-Jun-21,F,
16-Jun-21,?,
16-Jun-21,?,
16-Jun-21,?,
16-Jun-21,F,
16-Jun-21,M,
16-Jun-21,M,
16-Jun-21,F,
16-Jun-21,F,
16-Jun-21,?,
16-Jun-21,F,
16-Jun-21,M,
16-Jun-21,?,
16-Jun-21,?,
16-Jun-21,M,
16-Jun-21,F,
16-Jun-21,?,
16-Jun-21,M,
16-Jun-21,F,
16-Jun-21,?,
16-Jun-21,?,
16-Jun-21,M,
16-Jun-21,M,
16-Jun-21,?,
16-Jun-21,F,
16-Jun-21,?,
16-Jun-21,M,
16-Jun-21,?,
16-Jun-21,F,
16-Jun-21,M,
16-Jun-21,M,
16-Jun-21,F,
16-Jun-21,F,
16-Jun-21,M,
16-Jun-21,M,
16-Jun-21,M,
17-Jun-21,?,
17-Jun-21,?,
17-Jun-21,M,
17-Jun-21,?,
17-Jun-21,F,
17-Jun-21,F,
17-Jun-21,?,
17-Jun-21,F,
17-Jun-21,F,
17-Jun-21,F,
17-Jun-21,?,
17-Jun-21,F,
17-Jun-21,F,
17-Jun-21,M,
17-Jun-21,?,
17-Jun-21,?,
17-Jun-21,M,
17-Jun-21,?,
17-Jun-21,?,
17-Jun-21,?,
17-Jun-21,?,
17-Jun-21,?,
17-Jun-21,M,
17-Jun-21,?,
17-Jun-21,M,
17-Jun-21,M,
17-Jun-21,?,
17-Jun-21,?,
17-Jun-21,?,
17-Jun-21,?,
17-Jun-21,M,
17-Jun-21,?,
17-Jun-21,M,
17-Jun-21,?,
17-Jun-21,F,
17-Jun-21,M,
17-Jun-21,M,
17-Jun-21,?,
17-Jun-21,?,
17-Jun-21,M,
17-Jun-21,M,
17-Jun-21,M,
17-Jun-21,F,
17-Jun-21,?,
17-Jun-21,?,
17-Jun-21,?,
17-Jun-21,?,
17-Jun-21,F,
17-Jun-21,?,
17-Jun-21,M,
17-Jun-21,F,
17-Jun-21,M,
17-Jun-21,?,
17-Jun-21,?,
17-Jun-21,?,
17-Jun-21,F,
17-Jun-21,?,
17-Jun-21,?,
17-Jun-21,M,
17-Jun-21,?,
17-Jun-21,?,
17-Jun-21,?,
17-Jun-21,?,
17-Jun-21,?,
18-Jun-21,F,
18-Jun-21,F,
18-Jun-21,?,
18-Jun-21,?,
18-Jun-21,?,
18-Jun-21,?,
18-Jun-21,F,
18-Jun-21,?,
18-Jun-21,M,
18-Jun-21,F,
18-Jun-21,?,
23-Jun-21,M,
23-Jun-21,F,
23-Jun-21,M,
23-Jun-21,M,
23-Jun-21,M,
23-Jun-21,?,
23-Jun-21,?,
23-Jun-21,F,
23-Jun-21,M,
23-Jun-21,M,
23-Jun-21,?,
23-Jun-21,M,
23-Jun-21,M,
23-Jun-21,?,
23-Jun-21,M,
23-Jun-21,M,
23-Jun-21,F,
23-Jun-21,?,
23-Jun-21,M,
23-Jun-21,F,
23-Jun-21,M,
23-Jun-21,M,
23-Jun-21,F,
23-Jun-21,M,
24-Jun-21,?,
24-Jun-21,?,
3-May-86,M,46
3-May-86,M,48
3-May-86,M,47
3-May-86,M,47
3-May-86,M,48
3-May-86,M,48
3-May-86,M,47
3-May-86,M,50
3-May-86,M,42
3-May-86,M,47
3-May-86,M,45
3-May-86,M,48
3-May-86,M,46
3-May-86,F,50
3-May-86,M,48
3-May-86,F,50
3-May-86,M,44
3-May-86,M,49
3-May-86,M,43
3-May-86,M,45
3-May-86,M,47
3-May-86,M,47
3-May-86,M,47
3-May-86,M,48
4-May-86,M,52
4-May-86,M,49
4-May-86,M,50
4-May-86,M,49
4-May-86,F,51
4-May-86,M,51
4-May-86,M,48
4-May-86,F,52
4-May-86,M,48
4-May-86,M,49
4-May-86,M,49
4-May-86,M,
4-May-86,M,
4-May-86,F,48
4-May-86,M,48
4-May-86,,50
4-May-86,M,45
4-May-86,M,49
4-May-86,M,48
4-May-86,M,
4-May-86,M,44
4-May-86,M,
4-May-86,M,48
4-May-86,M,48
4-May-86,M,46
4-May-86,M,48
4-May-86,M,45
4-May-86,,
4-May-86,M,46
4-May-86,,
4-May-86,M,
4-May-86,M,40
4-May-86,F,46
4-May-86,M,45
4-May-86,M,47
4-May-86,M,47
4-May-86,M,
4-May-86,M,49
4-May-86,M,48
4-May-86,M,45
4-May-86,M,51
4-May-86,,
4-May-86,M,47
4-May-86,M,44
4-May-86,M,
5-May-86,M,47
5-May-86,M,
5-May-86,M,
5-May-86,M,
5-May-86,M,50
5-May-86,M,48
5-May-86,M,
5-May-86,F,
5-May-86,M,48
5-May-86,M,52
5-May-86,M,49
5-May-86,M,
5-May-86,M,
5-May-86,M,47
5-May-86,M,44
5-May-86,M,49
5-May-86,M,48
5-May-86,M,44
5-May-86,M,
5-May-86,M,47
5-May-86,M,44
5-May-86,M,47
5-May-86,M,
5-May-86,M,46
5-May-86,M,49
5-May-86,M,44
5-May-86,M,
5-May-86,M,50
5-May-86,M,
5-May-86,,
5-May-86,M,49
5-May-86,M,44
5-May-86,F,49
5-May-86,,
5-May-86,M,49
5-May-86,M,51
5-May-86,F,54
5-May-86,M,48
5-May-86,M,49
5-May-86,F,47
5-May-86,,
5-May-86,M,45
5-May-86,M,
5-May-86,M,45
5-May-86,,
5-May-86,F,52
5-May-86,M,49
5-May-86,M,49
5-May-86,,
5-May-86,M,48
6-May-86,M,49
6-May-86,M,49
6-May-86,M,47
6-May-86,M,48
6-May-86,F,51
6-May-86,M,48
6-May-86,M,
6-May-86,M,
6-May-86,M,
6-May-86,M,48
6-May-86,F,50
6-May-86,M,47
6-May-86,M,
6-May-86,M,48
6-May-86,M,46
6-May-86,M,
6-May-86,M,
6-May-86,M,
6-May-86,M,
6-May-86,M,
6-May-86,M,
6-May-86,M,46
6-May-86,M,52
6-May-86,M,45
6-May-86,F,53
6-May-86,M,48
6-May-86,M,49
7-May-86,M,47
7-May-86,M,50
7-May-86,M,51
7-May-86,M,
7-May-86,M,48
7-May-86,M,44
7-May-86,M,
7-May-86,M,
7-May-86,M,
7-May-86,M,
7-May-86,M,48
7-May-86,M,
7-May-86,F,54
7-May-86,M,51
7-May-86,M,
7-May-86,M,
7-May-86,M,
7-May-86,F,47
7-May-86,M,
7-May-86,F,57
7-May-86,M,
7-May-86,M,51
7-May-86,M,
7-May-86,M,52
7-May-86,M,
7-May-86,M,
7-May-86,M,49
7-May-86,M,49
7-May-86,M,49
7-May-86,F,56
7-May-86,M,49
7-May-86,M,48
7-May-86,,
7-May-86,,
7-May-86,M,
7-May-86,,
7-May-86,M,51
7-May-86,M,
7-May-86,M,48
7-May-86,M,47
8-May-86,M,49
8-May-86,M,
8-May-86,M,51
8-May-86,F,
8-May-86,M,
8-May-86,M,48
8-May-86,M,
8-May-86,M,48
8-May-86,M,
8-May-86,M,
8-May-86,M,
8-May-86,F,54
8-May-86,M,
8-May-86,M,51
8-May-86,M,47
8-May-86,F,58
8-May-86,F,53
8-May-86,M,47
8-May-86,M,
8-May-86,F,49
8-May-86,M,53
8-May-86,M,46
8-May-86,,
8-May-86,M,47
8-May-86,,
8-May-86,M,47
8-May-86,M,49
8-May-86,,
8-May-86,M,48
8-May-86,M,48
8-May-86,M,47
8-May-86,,
8-May-86,M,45
8-May-86,F,51
8-May-86,,
8-May-86,,
8-May-86,,
8-May-86,M,47
8-May-86,M,44
9-May-86,M,49
9-May-86,M,51
9-May-86,M,
9-May-86,M,50
9-May-86,M,
9-May-86,M,
9-May-86,M,47
9-May-86,F,55
9-May-86,M,48
9-May-86,M,
9-May-86,F,55
9-May-86,F,58
9-May-86,F,55
9-May-86,M,55
9-May-86,M,
9-May-86,F,50
9-May-86,F,52
9-May-86,M,46
9-May-86,M,
9-May-86,M,53
9-May-86,M,49
9-May-86,,
9-May-86,,
9-May-86,,
9-May-86,,
9-May-86,,
9-May-86,,
9-May-86,,
9-May-86,F,54
9-May-86,F,53
9-May-86,M,50
9-May-86,M,
9-May-86,M,44
9-May-86,M,48
10-May-86,M,53
10-May-86,M,
10-May-86,M,
10-May-86,M,
10-May-86,F,50
10-May-86,M,46
10-May-86,M,
10-May-86,M,49
10-May-86,M,
10-May-86,F,55
10-May-86,M,50
10-May-86,M,53
10-May-86,M,
10-May-86,M,
10-May-86,M,47
10-May-86,M,48
10-May-86,F,55
10-May-86,M,48
10-May-86,M,
10-May-86,M,48
10-May-86,,
10-May-86,M,59
10-May-86,F,57
10-May-86,M,48
10-May-86,M,50
10-May-86,M,
10-May-86,M,47
10-May-86,F,49
10-May-86,M,
10-May-86,M,48
10-May-86,,
10-May-86,M,
10-May-86,M,50
11-May-86,M,49
11-May-86,M,46
11-May-86,M,47
11-May-86,M,50
11-May-86,M,
11-May-86,M,49
11-May-86,M,46
11-May-86,M,
11-May-86,M,46
11-May-86,M,
11-May-86,M,48
11-May-86,M,43
11-May-86,M,
11-May-86,F,54
11-May-86,M,49
11-May-86,M,
11-May-86,M,
11-May-86,M,
11-May-86,M,
11-May-86,F,
11-May-86,M,
11-May-86,F,
11-May-86,M,
11-May-86,M,
11-May-86,M,50
11-May-86,M,
11-May-86,M,
11-May-86,M,49
11-May-86,M,
11-May-86,M,50
11-May-86,M,
11-May-86,M,
11-May-86,M,51
11-May-86,M,
11-May-86,M,
11-May-86,M,
11-May-86,M,
11-May-86,M,
11-May-86,M,
11-May-86,M,
11-May-86,M,
11-May-86,M,
11-May-86,M,49
11-May-86,M,47
11-May-86,M,
11-May-86,F,49
11-May-86,M,51
11-May-86,M,51
11-May-86,M,50
11-May-86,M,51
11-May-86,M,49
11-May-86,M,47
11-May-86,M,
11-May-86,M,47
11-May-86,M,
11-May-86,M,47
11-May-86,M,
11-May-86,F,
11-May-86,M,
11-May-86,M,
11-May-86,M,
11-May-86,M,49
11-May-86,F,
11-May-86,M,46
11-May-86,M,
11-May-86,M,
11-May-86,M,
11-May-86,M,
11-May-86,M,
11-May-86,M,
11-May-86,M,
11-May-86,F,
12-May-86,M,47
12-May-86,M,50
12-May-86,M,49
12-May-86,M,52
12-May-86,F,56
12-May-86,M,49
12-May-86,M,49
12-May-86,M,
12-May-86,M,
12-May-86,M,
12-May-86,M,47
12-May-86,M,
12-May-86,M,
12-May-86,M,
12-May-86,F,53
12-May-86,M,49
12-May-86,M,
12-May-86,F,52
12-May-86,M,48
12-May-86,M,
12-May-86,M,49
12-May-86,M,
12-May-86,F,
12-May-86,M,
12-May-86,M,46
12-May-86,M,
12-May-86,M,49
12-May-86,M,
12-May-86,M,48
12-May-86,M,
12-May-86,M,45
12-May-86,M,48
12-May-86,M,
12-May-86,M,
12-May-86,M,48
12-May-86,F,
12-May-86,M,44
12-May-86,M,
12-May-86,M,47
12-May-86,M,49
12-May-86,F,51
12-May-86,F,49
12-May-86,M,47
12-May-86,F,53
12-May-86,M,
12-May-86,F,54
12-May-86,M,
12-May-86,F,51
12-May-86,M,
12-May-86,M,48
8-Jun-86,M,44
8-Jun-86,M,50
8-Jun-86,M,49
8-Jun-86,M,49
8-Jun-86,M,50
8-Jun-86,F,48
8-Jun-86,M,40
8-Jun-86,M,49
8-Jun-86,M,46
8-Jun-86,M,47
8-Jun-86,,
8-Jun-86,M,44
4-May-87,M,50
4-May-87,F,51
4-May-87,M,45
5-May-87,M,49
6-May-87,M,47
14-May-87,M,48
14-May-87,M,50
14-May-87,M,46
14-May-87,F,51
14-May-87,M,49
31-May-87,M,47
31-May-87,M,50
31-May-87,,
31-May-87,M,46
31-May-87,M,46
31-May-87,M,45
31-May-87,F,51
31-May-87,,
31-May-87,F,53
31-May-87,M,49
31-May-87,M,48
31-May-87,F,56
31-May-87,,
31-May-87,M,44
31-May-87,M,49
31-May-87,F,51
31-May-87,M,47
31-May-87,M,47
31-May-87,M,48
31-May-87,M,45
31-May-87,M,48
31-May-87,M,48
31-May-87,M,48
31-May-87,M,47
31-May-87,M,47
31-May-87,F,52
31-May-87,F,53
31-May-87,F,49
31-May-87,M,44
31-May-87,F,53
31-May-87,M,48
31-May-87,M,48
31-May-87,F,54
31-May-87,,
31-May-87,F,52
31-May-87,M,43
31-May-87,F,52
31-May-87,M,45
1-Jun-87,M,46
1-Jun-87,M,48
1-Jun-87,,
1-Jun-87,M,46
1-Jun-87,M,48
1-Jun-87,,
1-Jun-87,,
1-Jun-87,F,47
1-Jun-87,,
1-Jun-87,M,46
1-Jun-87,M,49
1-Jun-87,F,55
1-Jun-87,M,48
1-Jun-87,M,48
1-Jun-87,F,54
1-Jun-87,M,48
1-Jun-87,,
1-Jun-87,M,49
1-Jun-87,M,47
1-Jun-87,M,44
1-Jun-87,M,46
1-Jun-87,M,50
1-Jun-87,,
1-Jun-87,,
1-Jun-87,F,56
1-Jun-87,M,45
1-Jun-87,M,50
1-Jun-87,M,51
1-Jun-87,F,56
1-Jun-87,,
1-Jun-87,F,50
1-Jun-87,M,47
1-Jun-87,,
1-Jun-87,F,54
1-Jun-87,M,
1-Jun-87,M,48
1-Jun-87,F,47
1-Jun-87,M,47
1-Jun-87,,
1-Jun-87,F,55
1-Jun-87,F,50
1-Jun-87,F,51
2-Jun-87,F,48
2-Jun-87,M,
2-Jun-87,F,
2-Jun-87,F,47
2-Jun-87,F,55
2-Jun-87,M,44
2-Jun-87,F,
2-Jun-87,F,50
2-Jun-87,M,51
2-Jun-87,M,47
2-Jun-87,M,47
2-Jun-87,F,53
2-Jun-87,M,47
2-Jun-87,F,55
2-Jun-87,F,57
2-Jun-87,F,48
2-Jun-87,F,53
2-Jun-87,F,
2-Jun-87,M,47
2-Jun-87,M,49
2-Jun-87,M,45
2-Jun-87,M,48
2-Jun-87,F,55
2-Jun-87,F,55
2-Jun-87,F,52
2-Jun-87,M,47
2-Jun-87,M,47
2-Jun-87,M,46
2-Jun-87,M,46
2-Jun-87,F,
2-Jun-87,M,50
2-Jun-87,M,46
2-Jun-87,M,49
3-Jun-87,M,49
3-Jun-87,F,55
3-Jun-87,M,50
3-Jun-87,M,49
3-Jun-87,F,51
3-Jun-87,M,51
3-Jun-87,F,55
3-Jun-87,,
3-Jun-87,F,49
3-Jun-87,M,53
3-Jun-87,,
3-Jun-87,M,49
3-Jun-87,,
3-Jun-87,,
3-Jun-87,F,52
3-Jun-87,M,50
3-Jun-87,M,49
3-Jun-87,F,49
3-Jun-87,M,54
3-Jun-87,M,47
3-Jun-87,M,46
3-Jun-87,M,44
3-Jun-87,,
3-Jun-87,,
3-Jun-87,M,45
3-Jun-87,F,50
3-Jun-87,M,48
3-Jun-87,M,48
3-Jun-87,F,50
3-Jun-87,,
3-Jun-87,,
3-Jun-87,F,50
3-Jun-87,M,46
3-Jun-87,F,54
3-Jun-87,M,45
3-Jun-87,F,51
3-Jun-87,F,51
3-Jun-87,F,55
3-Jun-87,M,48
3-Jun-87,F,52
3-Jun-87,M,50
3-Jun-87,F,50
3-Jun-87,M,49
3-Jun-87,M,48
3-Jun-87,M,49
3-Jun-87,M,48
3-Jun-87,M,50
3-Jun-87,M,48
4-Jun-87,F,49
4-Jun-87,F,53
4-Jun-87,F,53
4-Jun-87,,
4-Jun-87,F,44
4-Jun-87,M,45
4-Jun-87,M,48
4-Jun-87,F,50
4-Jun-87,F,48
4-Jun-87,F,52
4-Jun-87,M,50
4-Jun-87,M,48
4-Jun-87,,
4-Jun-87,M,46
4-Jun-87,M,47
4-Jun-87,M,48
4-Jun-87,,
4-Jun-87,,
4-Jun-87,,
4-Jun-87,F,52
4-Jun-87,F,55
4-Jun-87,M,47
4-Jun-87,,
4-Jun-87,F,55
4-Jun-87,M,45
4-Jun-87,F,53
4-Jun-87,,
4-Jun-87,M,46
5-Jun-87,,
5-Jun-87,M,50
5-Jun-87,F,51
5-Jun-87,M,49
5-Jun-87,,
5-Jun-87,,
5-Jun-87,M,50
5-Jun-87,M,52
5-Jun-87,M,48
5-Jun-87,M,50
5-Jun-87,F,55
5-Jun-87,M,51
5-Jun-87,,
5-Jun-87,,
5-Jun-87,M,47
5-Jun-87,M,50
5-Jun-87,M,47
5-Jun-87,M,45
5-Jun-87,,
5-Jun-87,M,51
5-Jun-87,F,54
5-Jun-87,F,55
5-Jun-87,,
5-Jun-87,M,44
5-Jun-87,M,49
5-Jun-87,F,50
5-Jun-87,M,47
5-Jun-87,,
5-Jun-87,M,44
5-Jun-87,,
5-Jun-87,,
6-Jun-87,M,49
6-Jun-87,,
6-Jun-87,,
6-Jun-87,M,46
6-Jun-87,M,48
6-Jun-87,,
6-Jun-87,,
6-Jun-87,M,
6-Jun-87,F,53
6-Jun-87,F,48
6-Jun-87,M,48
6-Jun-87,F,52
6-Jun-87,F,54
6-Jun-87,M,47
6-Jun-87,,
6-Jun-87,,
6-Jun-87,F,50
6-Jun-87,,
6-Jun-87,M,46
6-Jun-87,,
6-Jun-87,,
6-Jun-87,F,53
6-Jun-87,,
6-Jun-87,,
6-Jun-87,,
6-Jun-87,,
25-May-88,M,48
25-May-88,M,49
25-May-88,M,46
25-May-88,M,49
25-May-88,M,49
25-May-88,M,55
25-May-88,M,49
25-May-88,M,48
25-May-88,M,48
25-May-88,F,53
25-May-88,F,52
25-May-88,M,53
25-May-88,,
25-May-88,M,48
25-May-88,,
25-May-88,,
25-May-88,M,49
25-May-88,M,45
25-May-88,,
25-May-88,M,45
25-May-88,M,48
25-May-88,M,45
25-May-88,F,51
25-May-88,M,47
25-May-88,M,46
25-May-88,M,49
25-May-88,,
25-May-88,M,
25-May-88,M,49
26-May-88,M,47
26-May-88,M,50
26-May-88,M,49
26-May-88,M,45
26-May-88,M,44
26-May-88,,
26-May-88,M,48
26-May-88,F,52
26-May-88,F,54
26-May-88,M,45
26-May-88,,
26-May-88,M,43
26-May-88,M,48
26-May-88,M,45
26-May-88,F,52
26-May-88,M,45
26-May-88,,
27-May-88,F,52
27-May-88,M,
27-May-88,M,46
27-May-88,M,48
27-May-88,M,49
27-May-88,M,
27-May-88,,
27-May-88,M,
27-May-88,,
27-May-88,F,53
27-May-88,M,49
27-May-88,M,47
27-May-88,M,44
27-May-88,M,48
27-May-88,M,47
27-May-88,,
27-May-88,,
27-May-88,M,50
27-May-88,M,49
27-May-88,,
27-May-88,M,48
27-May-88,F,48
27-May-88,,
27-May-88,M,44
27-May-88,M,47
27-May-88,F,54
27-May-88,M,
27-May-88,M,47
27-May-88,M,48
27-May-88,M,49
27-May-88,M,48
27-May-88,M,43
27-May-88,,
28-May-88,M,45
28-May-88,M,47
28-May-88,M,44
28-May-88,,
28-May-88,,
28-May-88,,
28-May-88,M,
28-May-88,F,52
28-May-88,F,53
28-May-88,M,49
28-May-88,M,
28-May-88,M,46
28-May-88,M,
28-May-88,M,
28-May-88,M,
28-May-88,M,51
29-May-88,M,49
29-May-88,M,45
29-May-88,F,46
29-May-88,M,
29-May-88,F,55
29-May-88,M,51
29-May-88,M,49
29-May-88,M,48
29-May-88,M,48
29-May-88,M,48
29-May-88,M,50
29-May-88,M,48
29-May-88,M,
29-May-88,M,
29-May-88,F,
29-May-88,M,47
29-May-88,F,55
29-May-88,F,51
29-May-88,M,50
29-May-88,,
29-May-88,,
29-May-88,F,
29-May-88,M,52
29-May-88,M,45
29-May-88,,
29-May-88,M,45
29-May-88,,
29-May-88,M,48
30-May-88,M,48
30-May-88,M,48
30-May-88,F,52
30-May-88,,
30-May-88,M,51
30-May-88,,
30-May-88,F,57
30-May-88,F,53
30-May-88,M,
30-May-88,M,47
30-May-88,F,52
30-May-88,F,48
30-May-88,M,45
30-May-88,M,
30-May-88,M,
30-May-88,F,52
30-May-88,M,49
30-May-88,M,47
30-May-88,F,53
31-May-88,M,47
31-May-88,M,
31-May-88,F,
31-May-88,F,
31-May-88,M,47
31-May-88,M,44
31-May-88,M,
31-May-88,F,
31-May-88,M,
31-May-88,M,
31-May-88,M,
31-May-88,M,49
31-May-88,M,
31-May-88,M,49
31-May-88,M,
31-May-88,F,51
31-May-88,F,49
31-May-88,M,
31-May-88,,
31-May-88,,
31-May-88,M,50
31-May-88,,
31-May-88,M,50
31-May-88,,
1-Jun-88,M,48
1-Jun-88,M,
1-Jun-88,F,49
1-Jun-88,M,48
1-Jun-88,M,45
1-Jun-88,M,46
1-Jun-88,M,47
27-May-89,F,58
27-May-89,M,49
27-May-89,F,56
27-May-89,M,47
27-May-89,M,45
27-May-89,F,54
27-May-89,F,51
27-May-89,M,47
28-May-89,M,48
28-May-89,F,51
28-May-89,M,50
28-May-89,M,53
28-May-89,F,53
28-May-89,F,53
28-May-89,M,49
28-May-89,F,52
28-May-89,F,54
28-May-89,M,48
28-May-89,F,59
28-May-89,M,50
28-May-89,M,51
28-May-89,M,49
28-May-89,M,45
28-May-89,M,49
28-May-89,F,52
28-May-89,M,48
29-May-89,M,49
29-May-89,F,57
29-May-89,F,55
29-May-89,F,
29-May-89,,
29-May-89,M,47
29-May-89,F,53
29-May-89,F,58
29-May-89,M,50
29-May-89,M,50
29-May-89,F,54
29-May-89,M,48
29-May-89,M,48
29-May-89,M,50
29-May-89,M,
29-May-89,F,52
29-May-89,M,48
29-May-89,M,51
29-May-89,M,50
29-May-89,F,50
29-May-89,F,55
29-May-89,F,54
29-May-89,,
29-May-89,F,53
29-May-89,F,44
29-May-89,F,55
29-May-89,F,52
29-May-89,,
29-May-89,F,53
30-May-89,M,49
30-May-89,M,48
30-May-89,M,51
30-May-89,F,50
30-May-89,F,53
30-May-89,M,49
30-May-89,F,53
30-May-89,F,54
30-May-89,M,51
30-May-89,F,53
30-May-89,F,52
30-May-89,M,50
30-May-89,M,48
30-May-89,,
30-May-89,M,47
30-May-89,M,47
30-May-89,,
31-May-89,M,47
31-May-89,F,55
31-May-89,F,
31-May-89,,
31-May-89,M,50
31-May-89,,
31-May-89,,
31-May-89,M,47
26-May-90,F,51
26-May-90,F,52
28-May-90,M,48
28-May-90,F,55
28-May-90,F,49
28-May-90,M,46
28-May-90,M,48
29-May-90,F,52
29-May-90,M,49
29-May-90,,
29-May-90,M,
29-May-90,F,55
29-May-90,M,52
29-May-90,F,50
29-May-90,F,51
29-May-90,M,46
29-May-90,F,
29-May-90,F,56
29-May-90,,
30-May-90,M,53
30-May-90,F,53
30-May-90,F,50
30-May-90,F,56
30-May-90,F,54
30-May-90,F,54
30-May-90,M,53
30-May-90,M,50
30-May-90,M,47
30-May-90,M,49
30-May-90,F,55
31-May-90,M,49
31-May-90,,
31-May-90,M,
31-May-90,F,52
31-May-90,M,47
31-May-90,F,53
31-May-90,M,48
31-May-90,,
31-May-90,F,52
31-May-90,M,46
31-May-90,M,52
15-May-91,F,52
15-May-91,M,45
16-May-91,M,47
16-May-91,M,45
16-May-91,M,45
16-May-91,F,52
16-May-91,F,51
16-May-91,M,49
16-May-91,M,47
16-May-91,F,54
16-May-91,M,47
16-May-91,F,52
16-May-91,M,48
16-May-91,M,46
16-May-91,M,49
16-May-91,F,50
16-May-91,M,
16-May-91,M,46
16-May-91,M,49
16-May-91,F,56
16-May-91,M,45
16-May-91,M,50
16-May-91,F,52
16-May-91,F,
16-May-91,M,48
16-May-91,M,45
16-May-91,M,43
16-May-91,M,50
16-May-91,M,46
16-May-91,M,44
16-May-91,M,45
16-May-91,M,48
16-May-91,M,48
16-May-91,F,53
16-May-91,M,47
16-May-91,M,46
16-May-91,M,46
16-May-91,M,48
16-May-91,F,51
16-May-91,M,47
16-May-91,M,47
16-May-91,M,46
16-May-91,,
16-May-91,F,52
17-May-91,M,48
17-May-91,M,44
17-May-91,F,49
17-May-91,M,47
17-May-91,M,50
17-May-91,M,50
17-May-91,F,51
17-May-91,M,46
17-May-91,M,48
17-May-91,F,52
17-May-91,M,46
17-May-91,F,53
17-May-91,F,53
17-May-91,,
17-May-91,F,50
17-May-91,,
17-May-91,M,44
17-May-91,,
17-May-91,M,47
17-May-91,M,46
17-May-91,M,46
17-May-91,M,46
17-May-91,M,48
17-May-91,M,46
17-May-91,,
17-May-91,M,49
17-May-91,F,53
17-May-91,M,43
17-May-91,M,44
17-May-91,M,45
17-May-91,M,48
17-May-91,,
17-May-91,M,49
17-May-91,,
17-May-91,,
17-May-91,M,49
17-May-91,M,50
17-May-91,M,47
17-May-91,,
17-May-91,M,49
17-May-91,F,45
17-May-91,M,47
18-May-91,M,45
18-May-91,F,55
18-May-91,M,42
18-May-91,,
18-May-91,F,49
18-May-91,M,47
18-May-91,F,50
18-May-91,,
18-May-91,,
18-May-91,M,48
18-May-91,,
18-May-91,M,48
18-May-91,F,
18-May-91,F,50
18-May-91,M,
18-May-91,,
18-May-91,M,49
18-May-91,M,44
18-May-91,M,46
18-May-91,,
18-May-91,M,41
18-May-91,M,44
18-May-91,M,45
18-May-91,M,44
18-May-91,M,47
18-May-91,F,52
18-May-91,F,51
18-May-91,M,47
18-May-91,M,44
18-May-91,M,47
18-May-91,M,50
18-May-91,M,48
18-May-91,M,45
18-May-91,M,48
18-May-91,F,48
18-May-91,M,52
18-May-91,M,43
18-May-91,M,42
18-May-91,M,46
18-May-91,M,45
18-May-91,,
18-May-91,M,45
18-May-91,M,45
18-May-91,M,49
18-May-91,F,51
19-May-91,M,48
19-May-91,,
19-May-91,M,48
19-May-91,M,
19-May-91,,
19-May-91,M,
19-May-91,M,49
19-May-91,F,48
19-May-91,,
19-May-91,,
19-May-91,,
19-May-91,,
19-May-91,,
19-May-91,F,50
19-May-91,M,46
19-May-91,M,48
19-May-91,F,50
19-May-91,M,46
19-May-91,M,43
19-May-91,M,46
19-May-91,M,44
19-May-91,,
19-May-91,M,46
19-May-91,,
19-May-91,,
19-May-91,M,48
19-May-91,,
19-May-91,F,48
19-May-91,M,42
19-May-91,,
19-May-91,F,54
19-May-91,M,50
19-May-91,,
19-May-91,F,51
19-May-91,M,50
19-May-91,F,48
19-May-91,,
19-May-91,F,51
19-May-91,,
19-May-91,,
19-May-91,M,46
19-May-91,,
19-May-91,,
19-May-91,M,44
19-May-91,,
19-May-91,M,48
19-May-91,M,44
19-May-91,M,
19-May-91,F,52
19-May-91,,
19-May-91,F,51
19-May-91,,
20-May-91,F,54
20-May-91,M,46
20-May-91,M,47
20-May-91,M,46
20-May-91,F,47
20-May-91,M,46
16-May-91,M,48
22-May-94,M,
22-May-94,F,53
22-May-94,F,51
22-May-94,F,
22-May-94,F,52
22-May-94,M,48
22-May-94,M,48
22-May-94,M,44
22-May-94,M,48
22-May-94,M,42
22-May-94,M,
22-May-94,M,51
22-May-94,M,
22-May-94,M,
22-May-94,M,45
22-May-94,M,47
22-May-94,M,
23-May-94,M,50
23-May-94,M,43
23-May-94,F,47
23-May-94,M,47
23-May-94,M,50
23-May-94,M,47
23-May-94,M,44
23-May-94,M,47
23-May-94,M,47
23-May-94,M,49
23-May-94,M,45
23-May-94,M,47
23-May-94,F,52
23-May-94,M,48
23-May-94,M,43
23-May-94,M,48
23-May-94,M,50
23-May-94,M,46
23-May-94,M,41
23-May-94,M,47
23-May-94,,
23-May-94,M,
23-May-94,F,49
23-May-94,M,43
23-May-94,M,
23-May-94,M,45
23-May-94,M,47
23-May-94,F,52
23-May-94,M,49
23-May-94,M,44
23-May-94,F,52
23-May-94,M,50
23-May-94,M,44
23-May-94,M,48
23-May-94,M,46
23-May-94,M,45
23-May-94,F,49
23-May-94,M,45
23-May-94,M,45
23-May-94,M,48
23-May-94,M,44
23-May-94,F,52
23-May-94,M,47
23-May-94,M,46
23-May-94,F,49
23-May-94,M,47
23-May-94,M,47
23-May-94,M,46
23-May-94,M,
23-May-94,F,53
23-May-94,M,47
23-May-94,F,50
23-May-94,M,45
23-May-94,M,45
23-May-94,M,46
23-May-94,M,45
23-May-94,M,46
23-May-94,F,51
23-May-94,,
23-May-94,M,44
24-May-94,M,
24-May-94,M,
24-May-94,M,47
24-May-94,M,47
24-May-94,F,
24-May-94,M,45
24-May-94,F,7
24-May-94,M,47
24-May-94,M,47
24-May-94,M,47
24-May-94,M,52
24-May-94,F,53
24-May-94,M,47
24-May-94,F,57
24-May-94,M,49
24-May-94,M,48
24-May-94,M,49
24-May-94,M,
24-May-94,M,49
24-May-94,M,
24-May-94,F,47
24-May-94,M,51
24-May-94,M,47
24-May-94,F,
24-May-94,M,50
24-May-94,M,48
24-May-94,M,
24-May-94,M,46
24-May-94,M,47
24-May-94,M,46
24-May-94,M,46
24-May-94,F,49
24-May-94,M,46
24-May-94,M,46
24-May-94,M,
24-May-94,M,
24-May-94,,
24-May-94,M,45
24-May-94,M,44
24-May-94,M,48
24-May-94,F,49
24-May-94,M,46
24-May-94,M,46
24-May-94,M,44
24-May-94,M,
24-May-94,M,43
24-May-94,M,
24-May-94,M,
24-May-94,M,46
25-May-94,F,52
25-May-94,M,
25-May-94,F,55
25-May-94,M,44
25-May-94,M,
25-May-94,M,
25-May-94,M,43
25-May-94,M,50
25-May-94,M,50
25-May-94,M,41
25-May-94,F,53
25-May-94,M,50
25-May-94,M,44
25-May-94,M,47
25-May-94,M,45
25-May-94,F,
25-May-94,M,47
25-May-94,M,
25-May-94,M,
25-May-94,M,
25-May-94,M,48
25-May-94,M,43
25-May-94,M,
25-May-94,F,52
25-May-94,F,50
25-May-94,F,53
25-May-94,M,
25-May-94,M,
25-May-94,M,46
25-May-94,F,53
25-May-94,F,50
25-May-94,,
25-May-94,F,44
25-May-94,M,51
25-May-94,M,47
25-May-94,M,47
25-May-94,M,44
25-May-94,M,49
25-May-94,F,55
25-May-94,F,51
25-May-94,,
25-May-94,M,49
25-May-94,M,49
25-May-94,,
25-May-94,M,46
25-May-94,M,46
25-May-94,M,48
26-May-94,F,56
26-May-94,,
26-May-94,M,
26-May-94,M,48
26-May-94,F,56
26-May-94,M,48
26-May-94,M,
26-May-94,M,49
26-May-94,M,46
26-May-94,M,
26-May-94,M,44
26-May-94,M,49
26-May-94,M,46
26-May-94,M,49
26-May-94,M,
26-May-94,M,50
26-May-94,M,47
26-May-94,F,50
26-May-94,F,51
26-May-94,F,51
26-May-94,M,
26-May-94,M,47
26-May-94,M,45
26-May-94,F,55
26-May-94,M,47
26-May-94,M,49
26-May-94,M,
26-May-94,M,
26-May-94,M,
26-May-94,M,
26-May-94,F,
26-May-94,M,
26-May-94,M,43
27-May-94,,
27-May-94,,
27-May-94,,
27-May-94,,
27-May-94,M,
27-May-94,M,47
27-May-94,,
27-May-94,M,43
27-May-94,M,48
27-May-94,M,44
27-May-94,F,53
27-May-94,M,47
27-May-94,F,51
27-May-94,,
27-May-94,M,46
27-May-94,M,46
27-May-94,,
27-May-94,M,44
27-May-94,M,
27-May-94,M,44
27-May-94,M,
27-May-94,M,46
27-May-94,M,
27-May-94,M,
27-May-94,M,
27-May-94,M,46
27-May-94,M,45
27-May-94,M,47
27-May-94,F,49
27-May-94,M,
27-May-94,M,49
27-May-94,M,46
27-May-94,M,
27-May-94,M,46
27-May-94,M,45
27-May-94,M,
27-May-94,M,47
27-May-94,M,51
27-May-94,M,48
27-May-94,M,
27-May-94,M,52
27-May-94,M,47
27-May-94,M,
27-May-94,M,47
27-May-94,M,
27-May-94,M,
27-May-94,M,47
27-May-94,M,50
27-May-94,M,51
27-May-94,,
27-May-94,M,45
27-May-94,M,
27-May-94,M,50
27-May-94,M,47
27-May-94,M,48
27-May-94,M,50
27-May-94,M,50
27-May-94,M,48
27-May-94,M,
27-May-94,M,49
28-May-94,M,45
28-May-94,F,51
28-May-94,M,47
28-May-94,F,53
28-May-94,M,48
28-May-94,F,51
28-May-94,M,50
28-May-94,M,49
28-May-94,M,
28-May-94,F,50
28-May-94,M,
28-May-94,M,45
28-May-94,M,46
28-May-94,M,50
28-May-94,M,45
28-May-94,M,45
28-May-94,M,45
28-May-94,M,45
28-May-94,M,49
28-May-94,M,
28-May-94,M,45
28-May-94,M,
28-May-94,F,
28-May-94,F,52
28-May-94,F,50
28-May-94,M,45
28-May-94,M,48
28-May-94,M,46
28-May-94,M,
28-May-94,M,49
28-May-94,M,
28-May-94,M,
28-May-94,M,48
28-May-94,M,45
28-May-94,F,52
28-May-94,M,
28-May-94,M,52
28-May-94,M,44
28-May-94,M,
28-May-94,M,
28-May-94,M,
28-May-94,M,
28-May-94,M,
28-May-94,M,
28-May-94,M,51
28-May-94,M,
28-May-94,M,45
28-May-94,M,50
28-May-94,M,48
28-May-94,F,
28-May-94,M,
28-May-94,M,49
28-May-94,M,50
28-May-94,M,48
28-May-94,M,46
29-May-94,M,48
29-May-94,,
29-May-94,M,
29-May-94,,
29-May-94,,
29-May-94,F,51
29-May-94,,
29-May-94,,
29-May-94,,
29-May-94,M,47
29-May-94,,
29-May-94,,
29-May-94,,
29-May-94,F,48
29-May-94,M,40
29-May-94,M,49
29-May-94,M,
29-May-94,,
29-May-94,F,48
29-May-94,M,49
29-May-94,M,
29-May-94,M,50
29-May-94,M,48
29-May-94,M,46
29-May-94,M,49
29-May-94,F,53
29-May-94,M,45
29-May-94,M,48
29-May-94,M,
29-May-94,M,45
29-May-94,F,51
29-May-94,M,46
29-May-94,M,49
29-May-94,M,46
29-May-94,F,53
29-May-94,M,50
29-May-94,F,
29-May-94,M,
29-May-94,M,
29-May-94,M,
29-May-94,M,
29-May-94,M,
29-May-94,F,
29-May-94,M,
29-May-94,M,
29-May-94,M,45
29-May-94,M,48
29-May-94,F,55
29-May-94,F,52
29-May-94,M,
29-May-94,M,47
29-May-94,M,47
29-May-94,M,52
29-May-94,F,52
29-May-94,M,
29-May-94,M,45
29-May-94,M,50
29-May-94,M,47
29-May-94,M,45
29-May-94,F,56
29-May-94,M,
29-May-94,F,51
29-May-94,M,50
29-May-94,M,
30-May-94,M,48
30-May-94,M,
30-May-94,M,
30-May-94,M,
30-May-94,M,
30-May-94,F,56
30-May-94,M,45
30-May-94,M,48
30-May-94,M,47
30-May-94,M,
30-May-94,M,
30-May-94,F,51
30-May-94,M,45
30-May-94,F,54
30-May-94,M,
30-May-94,M,46
30-May-94,F,53
30-May-94,M,
30-May-94,M,46
30-May-94,M,
30-May-94,M,
30-May-94,F,50
30-May-94,M,
30-May-94,M,49
30-May-94,M,
30-May-94,F,53
30-May-94,M,
30-May-94,M,
30-May-94,M,
30-May-94,M,
30-May-94,M,
30-May-94,F,
30-May-94,,
30-May-94,F,50
30-May-94,,
30-May-94,F,52
30-May-94,F,48
30-May-94,,
30-May-94,M,47
30-May-94,M,44
30-May-94,M,47
30-May-94,M,46
30-May-94,M,47
30-May-94,,
30-May-94,M,43
30-May-94,M,46
30-May-94,,
30-May-94,M,44
30-May-94,M,48
30-May-94,M,46
30-May-94,,
30-May-94,F,53
30-May-94,,
30-May-94,,
30-May-94,M,48
30-May-94,,
30-May-94,F,50
30-May-94,,
31-May-94,M,
31-May-94,M,
31-May-94,M,
31-May-94,,
31-May-94,F,52
31-May-94,M,48
31-May-94,M,
31-May-94,M,
31-May-94,M,48
31-May-94,M,50
31-May-94,M,44
31-May-94,M,
31-May-94,M,
31-May-94,M,
31-May-94,M,46
31-May-94,M,46
31-May-94,M,
31-May-94,F,52
31-May-94,F,53
31-May-94,M,
31-May-94,M,
31-May-94,M,
31-May-94,F,47
31-May-94,M,43
31-May-94,,
31-May-94,F,50
31-May-94,M,46
31-May-94,M,43
31-May-94,,
17-May-97,F,54
17-May-97,M,48
17-May-97,M,50
17-May-97,M,50
18-May-97,M,45
18-May-97,M,50
18-May-97,M,49
18-May-97,M,46
18-May-97,M,50
18-May-97,M,50
18-May-97,M,47
18-May-97,M,48
18-May-97,M,46
18-May-97,M,48
18-May-97,M,46
18-May-97,M,50
18-May-97,M,47
19-May-97,M,48
19-May-97,F,51
19-May-97,M,52
19-May-97,M,49
19-May-97,M,49
19-May-97,M,52
19-May-97,M,50
19-May-97,F,53
19-May-97,M,46
19-May-97,M,48
19-May-97,M,48
19-May-97,M,53
19-May-97,,
19-May-97,M,49
19-May-97,M,
19-May-97,M,46
19-May-97,M,49
19-May-97,M,45
19-May-97,M,49
19-May-97,M,49
19-May-97,M,49
19-May-97,M,52
19-May-97,,
19-May-97,,
19-May-97,M,48
19-May-97,M,50
19-May-97,M,49
19-May-97,M,50
19-May-97,,
19-May-97,,
19-May-97,M,49
19-May-97,M,50
19-May-97,M,47
19-May-97,M,46
19-May-97,M,48
19-May-97,M,50
19-May-97,M,44
19-May-97,M,49
19-May-97,M,47
19-May-97,M,50
19-May-97,M,50
19-May-97,M,50
19-May-97,,44
19-May-97,,
19-May-97,M,52
19-May-97,M,51
19-May-97,M,50
19-May-97,F,55
20-May-97,M,48
20-May-97,M,51
20-May-97,M,48
20-May-97,M,50
20-May-97,M,54
20-May-97,M,49
20-May-97,F,57
20-May-97,M,50
20-May-97,,
20-May-97,M,50
20-May-97,F,49
20-May-97,M,48
20-May-97,M,49
20-May-97,M,51
20-May-97,M,47
20-May-97,M,48
20-May-97,M,51
20-May-97,M,46
20-May-97,M,49
20-May-97,M,51
20-May-97,M,52
20-May-97,M,52
20-May-97,M,51
20-May-97,M,44
20-May-97,,
20-May-97,M,51
20-May-97,,
20-May-97,M,50
20-May-97,M,51
20-May-97,M,52
20-May-97,M,
20-May-97,M,52
20-May-97,F,49
20-May-97,M,51
20-May-97,M,49
20-May-97,F,
20-May-97,M,45
20-May-97,,
20-May-97,M,51
20-May-97,M,47
20-May-97,M,46
20-May-97,M,49
20-May-97,,
20-May-97,M,49
20-May-97,M,47
20-May-97,,
20-May-97,M,50
20-May-97,M,46
20-May-97,M,47
20-May-97,M,51
20-May-97,M,48
20-May-97,M,51
20-May-97,M,49
20-May-97,M,48
20-May-97,M,50
20-May-97,M,49
20-May-97,,
20-May-97,M,45
20-May-97,M,50
20-May-97,M,46
20-May-97,,
20-May-97,F,55
20-May-97,M,48
20-May-97,,
20-May-97,M,47
20-May-97,F,52
20-May-97,M,49
20-May-97,M,43
20-May-97,M,45
21-May-97,M,51
21-May-97,M,
21-May-97,,
21-May-97,M,47
21-May-97,M,50
21-May-97,M,47
21-May-97,M,49
21-May-97,M,44
21-May-97,M,46
21-May-97,M,46
21-May-97,M,43
21-May-97,M,51
21-May-97,M,52
21-May-97,M,50
21-May-97,M,50
21-May-97,M,
21-May-97,M,50
21-May-97,M,50
21-May-97,,
21-May-97,M,48
21-May-97,M,50
21-May-97,M,50
21-May-97,M,50
21-May-97,M,51
21-May-97,M,47
21-May-97,M,49
21-May-97,M,46
21-May-97,F,55
21-May-97,M,
21-May-97,M,50
21-May-97,M,50
21-May-97,F,56
21-May-97,,
21-May-97,F,55
21-May-97,M,50
21-May-97,M,50
21-May-97,M,49
21-May-97,M,45
21-May-97,M,49
21-May-97,M,48
21-May-97,M,47
21-May-97,M,50
21-May-97,M,47
21-May-97,,
21-May-97,M,49
21-May-97,M,51
21-May-97,M,51
21-May-97,,
21-May-97,M,50
21-May-97,M,50
21-May-97,F,48
21-May-97,M,51
21-May-97,M,46
22-May-97,M,49
22-May-97,M,48
22-May-97,M,49
22-May-97,F,55
22-May-97,M,
22-May-97,M,50
22-May-97,M,46
22-May-97,M,52
22-May-97,M,53
22-May-97,M,47
22-May-97,M,48
22-May-97,,
22-May-97,M,52
22-May-97,M,
22-May-97,,
22-May-97,M,49
22-May-97,M,51
22-May-97,M,
22-May-97,M,
22-May-97,,
22-May-97,,
22-May-97,M,50
22-May-97,M,48
22-May-97,M,48
22-May-97,,
22-May-97,M,46
22-May-97,M,
22-May-97,M,52
22-May-97,M,50
22-May-97,M,
22-May-97,M,46
22-May-97,M,51
22-May-97,M,48
22-May-97,F,56
22-May-97,M,
22-May-97,M,
22-May-97,,
22-May-97,M,50
22-May-97,M,51
22-May-97,M,50
22-May-97,M,50
22-May-97,,
22-May-97,M,48
22-May-97,M,49
22-May-97,M,
22-May-97,M,48
22-May-97,,
22-May-97,M,48
22-May-97,,
22-May-97,F,52
22-May-97,M,49
22-May-97,,
23-May-97,M,54
23-May-97,,
23-May-97,M,52
23-May-97,M,48
23-May-97,M,51
23-May-97,M,46
23-May-97,M,46
23-May-97,F,55
23-May-97,M,50
23-May-97,M,50
23-May-97,M,
23-May-97,M,
23-May-97,F,55
23-May-97,F,56
23-May-97,M,51
23-May-97,F,50
23-May-97,M,50
23-May-97,F,55
23-May-97,M,48
24-May-97,M,46
24-May-97,,
24-May-97,M,49
24-May-97,M,49
24-May-97,M,48
24-May-97,F,54
24-May-97,M,47
24-May-97,M,46
24-May-97,M,48
24-May-97,M,
24-May-97,M,
24-May-97,,
24-May-97,M,52
24-May-97,,
24-May-97,,
24-May-97,,
24-May-97,,
24-May-97,M,50
24-May-97,M,45
24-May-97,M,48
24-May-97,M,48
24-May-97,M,45
24-May-97,M,51
24-May-97,M,50
24-May-97,,
24-May-97,M,49
24-May-97,M,48
24-May-97,M,49
24-May-97,M,46
24-May-97,M,48
24-May-97,M,49
24-May-97,M,45
24-May-97,M,
24-May-97,M,49
24-May-97,M,49
24-May-97,M,47
24-May-97,M,51
24-May-97,F,56
24-May-97,F,52
24-May-97,M,50
24-May-97,,
24-May-97,F,54
24-May-97,M,46
24-May-97,M,50
24-May-97,M,52
24-May-97,M,45
24-May-97,,
24-May-97,M,46
24-May-97,,
24-May-97,,
24-May-97,M,50
24-May-97,M,51
24-May-97,M,54
24-May-97,,
24-May-97,M,50
24-May-97,,
24-May-97,,
24-May-97,M,51
24-May-97,M,53
24-May-97,M,49
24-May-97,M,50
24-May-97,,
24-May-97,,
24-May-97,M,54
24-May-97,,
24-May-97,,
24-May-97,M,50
24-May-97,M,53
24-May-97,M,50
24-May-97,M,
24-May-97,M,48
24-May-97,M,47
24-May-97,M,50
24-May-97,M,50
24-May-97,,
24-May-97,M,52
24-May-97,M,46
24-May-97,M,50
24-May-97,F,52
24-May-97,M,
24-May-97,,
24-May-97,M,50
24-May-97,F,55
24-May-97,M,52
24-May-97,M,54
24-May-97,F,57
24-May-97,,
24-May-97,F,54
24-May-97,M,50
24-May-97,,
24-May-97,,
24-May-97,M,50
24-May-97,M,51
24-May-97,,
24-May-97,,
25-May-97,M,49
25-May-97,M,49
25-May-97,M,52
25-May-97,,
25-May-97,M,50
25-May-97,,
25-May-97,M,49
25-May-97,,
25-May-97,M,50
25-May-97,M,50
25-May-97,F,52
25-May-97,,
25-May-97,,
25-May-97,M,50
25-May-97,M,49
25-May-97,,
25-May-97,,
25-May-97,M,54
25-May-97,M,49
25-May-97,M,49
25-May-97,,
25-May-97,M,50
25-May-97,M,48
25-May-97,M,48
25-May-97,,
25-May-97,M,51
25-May-97,M,50
25-May-97,M,50
25-May-97,F,56
25-May-97,M,53
25-May-97,,
25-May-97,M,49
25-May-97,F,54
25-May-97,M,
25-May-97,F,58
25-May-97,M,51
25-May-97,M,
25-May-97,,
25-May-97,,
25-May-97,M,49
25-May-97,,
25-May-97,,
25-May-97,,
25-May-97,,
25-May-97,,
25-May-97,,
25-May-97,,
25-May-97,,
25-May-97,,
25-May-97,,
25-May-97,,
25-May-97,M,47
25-May-97,,
25-May-97,M,48
25-May-97,M,47
25-May-97,F,55
25-May-97,M,50
25-May-97,M,46
25-May-97,F,55
25-May-97,M,
25-May-97,,
25-May-97,M,48
25-May-97,M,52
25-May-97,,
25-May-97,,
25-May-97,,
25-May-97,,
25-May-97,M,46
25-May-97,,
25-May-97,M,51
25-May-97,,
25-May-97,M,48
25-May-97,M,42
25-May-97,,
25-May-97,M,48
25-May-97,F,50
25-May-97,,
25-May-97,,
25-May-97,M,49
25-May-97,M,47
25-May-97,,
25-May-97,,
25-May-97,M,52
25-May-97,,
25-May-97,,
25-May-97,,
25-May-97,F,56
25-May-97,M,49
25-May-97,M,50
25-May-97,,
25-May-97,,
25-May-97,,
25-May-97,M,50
25-May-97,,
26-May-97,M,50
26-May-97,,
26-May-97,M,50
26-May-97,M,50
26-May-97,,
26-May-97,M,48
26-May-97,,
26-May-97,M,49
26-May-97,M,44
26-May-97,M,48
26-May-97,,
26-May-97,M,48
26-May-97,,
26-May-97,M,49
26-May-97,M,46
26-May-97,F,53
26-May-97,M,51
26-May-97,M,52
26-May-97,,
26-May-97,M,49
26-May-97,,
26-May-97,M,48
26-May-97,M,47
26-May-97,,
26-May-97,,
26-May-97,M,49
26-May-97,,
26-May-97,M,50
26-May-97,F,54
26-May-97,,
26-May-97,,
26-May-97,M,48
26-May-97,,
26-May-97,M,48
26-May-97,,
26-May-97,,
26-May-97,,
26-May-97,,
26-May-97,M,52
26-May-97,,
26-May-97,,
26-May-97,M,52
26-May-97,,
26-May-97,,
26-May-97,M,49
26-May-97,M,47
26-May-97,,
26-May-97,M,48
26-May-97,M,46
26-May-97,,
26-May-97,,
26-May-97,,
26-May-97,,
26-May-97,,
26-May-97,,
26-May-97,,
26-May-97,,
26-May-97,M,47
26-May-97,,
26-May-97,,
26-May-97,,
26-May-97,,
26-May-97,M,50
26-May-97,M,50
26-May-97,M,50
26-May-97,M,50
26-May-97,M,47
26-May-97,M,50
26-May-97,M,50
26-May-97,,
26-May-97,,
26-May-97,,
26-May-97,M,49
26-May-97,M,50
26-May-97,M,47
26-May-97,M,50
26-May-97,M,52
26-May-97,M,
26-May-97,M,47
26-May-97,,
26-May-97,,
26-May-97,,
26-May-97,,
26-May-97,M,53
26-May-97,M,
26-May-97,,
26-May-97,M,48
26-May-97,M,47
26-May-97,,
26-May-97,M,51
26-May-97,,
26-May-97,M,51
26-May-97,,
26-May-97,M,51
26-May-97,,
26-May-97,M,
26-May-97,,
26-May-97,,
26-May-97,,
26-May-97,,
26-May-97,,
10-May-98,M,49
10-May-98,M,50
11-May-98,F,50
11-May-98,M,49
11-May-98,M,49
11-May-98,M,46
11-May-98,M,50
11-May-98,M,48
11-May-98,M,46
11-May-98,F,50
11-May-98,M,50
11-May-98,M,40
12-May-98,M,49
12-May-98,M,51
12-May-98,M,47
12-May-98,F,52
12-May-98,M,48
12-May-98,,
13-May-98,M,47
14-May-98,M,55
14-May-98,M,50
14-May-98,F,50
14-May-98,F,58
14-May-98,,
14-May-98,M,41
14-May-98,M,45
14-May-98,M,48
15-May-98,M,49
15-May-98,M,45
15-May-98,M,50
15-May-98,,
15-May-98,M,48
15-May-98,M,47
15-May-98,M,51
15-May-98,M,48
15-May-98,M,50
15-May-98,F,52
15-May-98,,
15-May-98,M,48
15-May-98,M,52
15-May-98,M,50
15-May-98,F,49
15-May-98,M,47
15-May-98,M,53
15-May-98,M,47
15-May-98,F,46
15-May-98,M,47
15-May-98,M,48
15-May-98,F,49
15-May-98,,
16-May-98,M,48
16-May-98,M,50
16-May-98,,
16-May-98,M,46
16-May-98,F,51
16-May-98,M,49
16-May-98,M,47
16-May-98,M,50
16-May-98,F,55
16-May-98,M,49
16-May-98,M,50
16-May-98,M,49
16-May-98,M,47
16-May-98,F,52
16-May-98,M,50
16-May-98,,
16-May-98,M,45
16-May-98,M,50
16-May-98,M,48
16-May-98,M,51
16-May-98,M,49
16-May-98,M,49
16-May-98,M,48
17-May-98,M,
17-May-98,M,47
17-May-98,M,50
17-May-98,M,
17-May-98,M,46
17-May-98,M,49
17-May-98,M,50
17-May-98,M,50
17-May-98,M,51
17-May-98,M,46
17-May-98,M,48
17-May-98,M,48
17-May-98,,
17-May-98,,
17-May-98,,
17-May-98,M,47
17-May-98,,
17-May-98,M,49
17-May-98,,
17-May-98,,
17-May-98,M,51
17-May-98,M,48
17-May-98,F,54
17-May-98,M,49
17-May-98,,
17-May-98,M,48
17-May-98,M,47
17-May-98,M,48
17-May-98,M,50
18-May-98,M,
18-May-98,F,50
18-May-98,M,47
18-May-98,M,47
18-May-98,M,47
18-May-98,M,44
18-May-98,F,51
18-May-98,M,49
18-May-98,M,50
18-May-98,M,48
18-May-98,M,
18-May-98,M,48
18-May-98,M,49
18-May-98,M,53
18-May-98,,
5-Jun-98,M,47
5-Jun-98,M,
5-Jun-98,M,43
5-Jun-98,F,54
5-Jun-98,M,48
5-Jun-98,M,51
5-Jun-98,M,48
5-Jun-98,F,49
5-Jun-98,F,54
5-Jun-98,F,54
5-Jun-98,M,51
5-Jun-98,F,53
5-Jun-98,M,55
5-Jun-98,,
5-Jun-98,,
5-Jun-98,F,51
6-Jun-98,F,53
6-Jun-98,F,52
6-Jun-98,F,54
6-Jun-98,M,
6-Jun-98,M,49
6-Jun-98,F,55
6-Jun-98,M,49
6-Jun-98,F,55
6-Jun-98,,
6-Jun-98,M,49
6-Jun-98,F,55
6-Jun-98,,
6-Jun-98,F,55
7-Jun-98,F,54
7-Jun-98,F,51
7-Jun-98,M,47
7-Jun-98,M,47
7-Jun-98,,
7-Jun-98,F,53
7-Jun-98,,
7-Jun-98,F,56
7-Jun-98,M,49
7-Jun-98,M,50
7-Jun-98,M,48
7-Jun-98,F,53
7-Jun-98,F,54
7-Jun-98,M,50
7-Jun-98,M,46
7-Jun-98,F,50
7-Jun-98,,
7-Jun-98,,
7-Jun-98,,
8-Jun-98,M,47
8-Jun-98,M,49
8-Jun-98,F,53
8-Jun-98,F,
8-Jun-98,M,
8-Jun-98,M,48
8-Jun-98,F,57
8-Jun-98,F,57
8-Jun-98,F,51
8-Jun-98,M,49
8-Jun-98,F,51
8-Jun-98,F,51
8-Jun-98,F,51
8-Jun-98,M,52
8-Jun-98,,
8-Jun-98,F,53
8-Jun-98,M,46
8-Jun-98,,
8-Jun-98,M,52
8-Jun-98,M,49
8-Jun-98,F,52
20-May-99,M,45
20-May-99,M,48
22-May-99,M,48
22-May-99,M,49
22-May-99,M,46
22-May-99,M,44
22-May-99,M,50
22-May-99,M,47
23-May-99,M,48
23-May-99,M,45
23-May-99,M,47
23-May-99,M,45
23-May-99,M,49
23-May-99,F,50
23-May-99,M,47
23-May-99,M,45
23-May-99,M,45
23-May-99,F,46
23-May-99,F,55
23-May-99,F,55
23-May-99,M,49
23-May-99,M,
23-May-99,M,48
23-May-99,M,48
23-May-99,M,49
23-May-99,M,50
23-May-99,F,51
23-May-99,M,50
23-May-99,M,50
23-May-99,M,49
23-May-99,M,48
23-May-99,M,49
23-May-99,F,53
23-May-99,F,49
23-May-99,,
23-May-99,M,50
23-May-99,M,
24-May-99,M,42
24-May-99,F,47
24-May-99,M,47
24-May-99,M,48
24-May-99,F,52
24-May-99,M,47
25-May-99,M,44
25-May-99,M,
25-May-99,F,54
25-May-99,M,
25-May-99,M,44
25-May-99,M,48
25-May-99,M,47
25-May-99,M,48
25-May-99,F,56
25-May-99,M,
25-May-99,F,52
25-May-99,F,
25-May-99,M,50
25-May-99,M,47
25-May-99,F,51
25-May-99,M,47
25-May-99,M,44
25-May-99,M,46
25-May-99,M,48
25-May-99,M,47
25-May-99,M,47
25-May-99,M,44
25-May-99,M,46
25-May-99,,
25-May-99,M,48
25-May-99,M,52
25-May-99,M,
25-May-99,F,53
25-May-99,M,44
25-May-99,M,
25-May-99,F,51
25-May-99,M,50
25-May-99,,
25-May-99,M,49
25-May-99,,
25-May-99,,
25-May-99,M,45
25-May-99,M,
25-May-99,,
25-May-99,M,49
25-May-99,M,46
25-May-99,,
25-May-99,F,52
25-May-99,,
25-May-99,,
25-May-99,F,48
25-May-99,F,51
25-May-99,,
26-May-99,M,45
26-May-99,M,49
26-May-99,,
26-May-99,F,47
26-May-99,,
26-May-99,M,47
26-May-99,M,
26-May-99,M,
26-May-99,F,56
26-May-99,F,55
26-May-99,M,
26-May-99,M,
26-May-99,F,48
26-May-99,M,
26-May-99,M,47
26-May-99,F,47
26-May-99,F,
26-May-99,M,
26-May-99,M,
26-May-99,M,47
26-May-99,M,49
26-May-99,M,43
26-May-99,F,
26-May-99,M,49
26-May-99,M,50
26-May-99,M,47
26-May-99,M,43
26-May-99,F,54
26-May-99,M,47
26-May-99,M,46
26-May-99,M,48
26-May-99,F,
26-May-99,M,49
26-May-99,M,45
26-May-99,M,43
26-May-99,F,52
26-May-99,M,44
26-May-99,M,47
26-May-99,M,
26-May-99,F,55
26-May-99,M,
26-May-99,F,52
26-May-99,M,47
26-May-99,M,43
26-May-99,F,
26-May-99,M,
26-May-99,M,48
27-May-99,M,50
27-May-99,F,49
27-May-99,F,
27-May-99,M,
27-May-99,M,47
27-May-99,M,
27-May-99,M,
27-May-99,M,
27-May-99,M,43
27-May-99,M,44
27-May-99,F,51
27-May-99,F,49
27-May-99,F,51
27-May-99,F,49
27-May-99,F,44
27-May-99,F,52
27-May-99,M,46
27-May-99,M,
27-May-99,M,
27-May-99,F,52
27-May-99,M,
27-May-99,F,
27-May-99,,
27-May-99,F,48
27-May-99,M,47
27-May-99,M,
27-May-99,F,46
27-May-99,F,
27-May-99,F,48
27-May-99,M,
27-May-99,M,48
27-May-99,M,42
27-May-99,F,
27-May-99,M,
27-May-99,F,47
27-May-99,F,50
27-May-99,F,
28-May-99,F,48
28-May-99,M,
28-May-99,M,
28-May-99,M,
28-May-99,M,46
28-May-99,M,
28-May-99,F,51
28-May-99,M,
28-May-99,M,48
28-May-99,M,46
28-May-99,M,52
28-May-99,M,
28-May-99,M,
28-May-99,,
28-May-99,M,44
28-May-99,M,44
28-May-99,M,
28-May-99,F,
28-May-99,M,
29-May-99,F,55
29-May-99,F,
29-May-99,M,48
29-May-99,M,49
29-May-99,M,
29-May-99,M,47
29-May-99,F,51
29-May-99,M,
29-May-99,M,51
29-May-99,F,47
29-May-99,F,48
29-May-99,M,48
29-May-99,M,45
29-May-99,M,
29-May-99,F,
29-May-99,M,
29-May-99,M,
30-May-99,M,45
30-May-99,F,
30-May-99,M,
30-May-99,M,48
30-May-99,M,
30-May-99,M,
30-May-99,F,52
30-May-99,M,
30-May-99,M,
30-May-99,F,46
30-May-99,F,51
30-May-99,M,45
30-May-99,M,47
30-May-99,M,45
30-May-99,M,
30-May-99,M,47
30-May-99,F,49
30-May-99,M,
30-May-99,M,47
30-May-99,M,
30-May-99,,
30-May-99,M,49
30-May-99,M,43
30-May-99,M,49
30-May-99,M,48
30-May-99,M,
30-May-99,M,
30-May-99,M,
30-May-99,M,
30-May-99,M,
30-May-99,M,
31-May-99,F,49
31-May-99,M,
31-May-99,M,
31-May-99,M,48
31-May-99,M,
31-May-99,M,
31-May-99,F,
31-May-99,M,47
31-May-99,M,
31-May-99,F,
31-May-99,F,
31-May-99,M,48
31-May-99,M,47
31-May-99,M,
31-May-99,F,50
31-May-99,M,
31-May-99,F,51
31-May-99,M,
31-May-99,M,47
31-May-99,M,
31-May-99,M,
31-May-99,F,
31-May-99,M,
31-May-99,M,
31-May-99,M,
31-May-99,M,
31-May-99,F,52
31-May-99,M,
21-May-00,M,48
21-May-00,M,49
22-May-00,M,47
22-May-00,M,46
22-May-00,M,48
22-May-00,M,49
22-May-00,M,46
22-May-00,F,53
22-May-00,M,49
22-May-00,M,47
22-May-00,F,50
22-May-00,F,49
23-May-00,M,46
23-May-00,M,52
23-May-00,M,47
23-May-00,M,47
23-May-00,M,48
23-May-00,M,44
23-May-00,M,49
23-May-00,M,48
23-May-00,M,50
23-May-00,M,47
23-May-00,M,47
23-May-00,M,48
23-May-00,M,48
23-May-00,M,45
23-May-00,M,48
23-May-00,M,49
23-May-00,M,48
23-May-00,M,47
23-May-00,M,48
23-May-00,M,49
24-May-00,M,49
24-May-00,M,
24-May-00,M,46
24-May-00,M,50
24-May-00,M,51
24-May-00,F,55
24-May-00,M,51
24-May-00,M,46
24-May-00,M,49
24-May-00,M,
24-May-00,M,44
24-May-00,M,48
24-May-00,M,
24-May-00,M,50
24-May-00,M,47
24-May-00,M,51
24-May-00,M,47
24-May-00,M,50
24-May-00,M,48
24-May-00,M,46
24-May-00,M,47
24-May-00,F,52
24-May-00,F,
24-May-00,M,50
24-May-00,M,50
24-May-00,M,49
24-May-00,M,46
24-May-00,,
24-May-00,,
24-May-00,M,50
24-May-00,M,
24-May-00,M,50
25-May-00,M,51
25-May-00,M,
25-May-00,M,50
25-May-00,F,53
25-May-00,M,43
25-May-00,M,49
25-May-00,M,
25-May-00,M,
25-May-00,F,54
25-May-00,M,47
25-May-00,F,52
25-May-00,F,54
25-May-00,M,50
26-May-00,M,48
26-May-00,M,47
26-May-00,F,52
26-May-00,M,49
26-May-00,M,
26-May-00,M,51
26-May-00,M,49
26-May-00,F,52
26-May-00,M,48
26-May-00,M,
26-May-00,F,52
26-May-00,F,53
27-May-00,M,50
27-May-00,M,50
27-May-00,M,
27-May-00,F,
27-May-00,M,
27-May-00,M,48
27-May-00,M,48
27-May-00,M,47
27-May-00,M,
27-May-00,M,49
27-May-00,M,46
27-May-00,M,49
27-May-00,M,
27-May-00,M,51
27-May-00,M,50
27-May-00,M,50
27-May-00,M,48
27-May-00,F,56
27-May-00,F,
27-May-00,M,48
27-May-00,M,48
27-May-00,M,49
28-May-00,M,48
28-May-00,,
28-May-00,M,47
28-May-00,M,48
28-May-00,M,45
28-May-00,M,49
28-May-00,M,47
28-May-00,M,49
28-May-00,M,50
28-May-00,M,49
28-May-00,M,
28-May-00,M,48
28-May-00,M,48
28-May-00,M,
28-May-00,M,
28-May-00,F,52
29-May-00,M,49
29-May-00,M,48
29-May-00,F,56
29-May-00,M,
29-May-00,M,
29-May-00,M,49
29-May-00,M,
29-May-00,M,
29-May-00,M,
29-May-00,M,
29-May-00,M,
29-May-00,M,49
29-May-00,M,
29-May-00,M,49
29-May-00,M,
29-May-00,M,
29-May-00,M,
29-May-00,M,50
29-May-00,M,
29-May-00,F,56
29-May-00,M,
29-May-00,M,
29-May-00,M,
29-May-00,F,52
29-May-00,F,56
29-May-00,M,48
29-May-00,M,46
29-May-00,M,
29-May-00,M,47
29-May-00,M,47
29-May-00,M,48
30-May-00,M,46
30-May-00,M,50
30-May-00,M,
30-May-00,M,50
30-May-00,F,53
30-May-00,F,54
30-May-00,M,49
30-May-00,M,45
30-May-00,M,48
30-May-00,M,48
30-May-00,M,
6-May-85,F,
6-May-85,M,
6-May-85,M,
6-May-85,M,
6-May-85,M,
6-May-85,M,
6-May-85,M,
6-May-85,M,
6-May-85,M,
6-May-85,M,
6-May-85,M,
6-May-85,M,
6-May-85,M,
6-May-85,M,
6-May-85,M,
6-May-85,M,
6-May-85,M,
6-May-85,M,
6-May-85,M,
6-May-85,M,
4-Jun-02,M,60
4-Jun-02,M,51
4-Jun-02,M,50
4-Jun-02,M,44
4-Jun-02,M,46
4-Jun-02,M,47
4-Jun-02,M,57
4-Jun-02,M,46
4-Jun-02,M,55
4-Jun-02,M,
4-Jun-02,M,58
4-Jun-02,F,68
4-Jun-02,M,52
4-Jun-02,F,52
4-Jun-02,M,49
4-Jun-02,F,55
4-Jun-02,F,58
5-Jun-02,M,46
5-Jun-02,M,53
5-Jun-02,F,54
5-Jun-02,M,58
5-Jun-02,M,49
5-Jun-02,M,49
5-Jun-02,M,48
5-Jun-02,M,50
5-Jun-02,M,
5-Jun-02,M,46
5-Jun-02,M,
5-Jun-02,M,46
5-Jun-02,M,50
5-Jun-02,M,49
5-Jun-02,,
5-Jun-02,M,53
5-Jun-02,M,48
5-Jun-02,M,51
5-Jun-02,,
6-Jun-02,F,54
6-Jun-02,M,51
6-Jun-02,M,48
6-Jun-02,M,48
6-Jun-02,,
6-Jun-02,M,52
6-Jun-02,M,47
6-Jun-02,F,55
6-Jun-02,F,55
6-Jun-02,M,48
6-Jun-02,M,47
6-Jun-02,M,49
6-Jun-02,M,49
6-Jun-02,F,52
6-Jun-02,M,
6-Jun-02,M,53
6-Jun-02,M,55
6-Jun-02,F,60
6-Jun-02,M,55
6-Jun-02,M,55
6-Jun-02,M,53
6-Jun-02,M,46
6-Jun-02,M,47
6-Jun-02,F,53
6-Jun-02,M,
6-Jun-02,F,53
6-Jun-02,M,53
6-Jun-02,F,57
6-Jun-02,F,54
7-Jun-02,M,48
7-Jun-02,M,50
7-Jun-02,F,55
7-Jun-02,M,
7-Jun-02,M,
7-Jun-02,F,60
7-Jun-02,M,47
7-Jun-02,M,49
7-Jun-02,,
7-Jun-02,M,50
7-Jun-02,M,49
7-Jun-02,M,52
7-Jun-02,F,53
7-Jun-02,,
7-Jun-02,M,50
8-Jun-02,M,49
8-Jun-02,M,50
8-Jun-02,M,50
8-Jun-02,M,50
8-Jun-02,F,53
8-Jun-02,F,58
8-Jun-02,,
8-Jun-02,M,52
8-Jun-02,M,52
8-Jun-02,M,48
8-Jun-02,M,50
23-May-04,M,52
23-May-04,M,50
23-May-04,F,56
23-May-04,M,53
23-May-04,M,51
23-May-04,M,52
23-May-04,M,51
23-May-04,M,51
23-May-04,F,55
23-May-04,M,45
23-May-04,M,
23-May-04,M,51
23-May-04,M,49
23-May-04,M,52
23-May-04,M,
23-May-04,M,
23-May-04,M,46
23-May-04,F,50
23-May-04,M,49
24-May-04,F,58
24-May-04,M,51
24-May-04,M,45
24-May-04,F,51
24-May-04,M,48
24-May-04,M,50
24-May-04,M,52
24-May-04,M,45
24-May-04,M,48
24-May-04,M,46
24-May-04,F,54
24-May-04,M,50
24-May-04,M,50
24-May-04,M,49
24-May-04,M,47
24-May-04,M,
24-May-04,M,45
24-May-04,M,47
24-May-04,M,49
24-May-04,M,50
24-May-04,M,49
24-May-04,M,49
24-May-04,F,50
24-May-04,M,
24-May-04,M,44
24-May-04,F,55
24-May-04,,
24-May-04,,
24-May-04,M,50
24-May-04,F,50
24-May-04,M,51
24-May-04,M,
24-May-04,M,50
24-May-04,M,52
24-May-04,M,53
24-May-04,M,
24-May-04,M,48
24-May-04,F,50
24-May-04,F,55
24-May-04,M,49
24-May-04,M,51
24-May-04,M,48
24-May-04,M,50
24-May-04,M,51
24-May-04,M,52
24-May-04,M,
24-May-04,M,50
24-May-04,M,53
24-May-04,F,56
24-May-04,M,51
24-May-04,M,48
24-May-04,F,53
24-May-04,M,54
24-May-04,F,53
25-May-04,F,57
25-May-04,F,
25-May-04,F,49
25-May-04,M,
25-May-04,M,45
25-May-04,M,
25-May-04,M,
25-May-04,F,52
25-May-04,M,53
25-May-04,M,50
25-May-04,F,51
25-May-04,F,54
25-May-04,F,
25-May-04,M,46
25-May-04,M,
25-May-04,F,53
25-May-04,M,47
25-May-04,M,
25-May-04,M,46
25-May-04,M,48
25-May-04,M,
25-May-04,M,
25-May-04,M,
25-May-04,M,
25-May-04,M,47
25-May-04,M,46
25-May-04,M,
25-May-04,F,50
25-May-04,M,
25-May-04,F,48
25-May-04,M,
25-May-04,M,50
25-May-04,M,
25-May-04,F,46
25-May-04,F,54
25-May-04,M,
25-May-04,M,
25-May-04,M,51
25-May-04,M,51
25-May-04,M,49
25-May-04,M,51
25-May-04,M,
25-May-04,M,50
25-May-04,M,51
25-May-04,M,51
25-May-04,M,52
25-May-04,M,49
25-May-04,F,51
25-May-04,M,48
25-May-04,M,48
25-May-04,M,48
25-May-04,M,52
25-May-04,M,49
25-May-04,M,49
25-May-04,M,
25-May-04,M,46
25-May-04,M,50
25-May-04,M,
25-May-04,M,49
25-May-04,M,49
25-May-04,M,52
25-May-04,M,50
25-May-04,M,
25-May-04,M,
25-May-04,M,
25-May-04,M,52
25-May-04,M,50
25-May-04,M,47
25-May-04,M,
25-May-04,M,51
25-May-04,M,
25-May-04,M,50
25-May-04,M,
25-May-04,M,
25-May-04,M,
25-May-04,F,56
25-May-04,M,50
25-May-04,M,
26-May-04,F,50
26-May-04,F,48
26-May-04,F,57
26-May-04,M,
26-May-04,F,51
26-May-04,M,
26-May-04,F,54
26-May-04,M,46
26-May-04,M,49
26-May-04,M,43
26-May-04,M,
26-May-04,M,
26-May-04,M,45
26-May-04,M,49
26-May-04,M,45
26-May-04,M,50
26-May-04,M,49
26-May-04,M,49
26-May-04,M,52
26-May-04,M,
26-May-04,M,
26-May-04,M,
26-May-04,M,47
26-May-04,M,45
26-May-04,M,45
26-May-04,,
26-May-04,M,
26-May-04,M,50
26-May-04,M,52
26-May-04,M,48
26-May-04,M,46
26-May-04,M,56
26-May-04,M,49
27-May-04,M,51
27-May-04,M,45
27-May-04,F,52
27-May-04,M,48
27-May-04,F,52
27-May-04,M,46
27-May-04,M,51
27-May-04,F,
27-May-04,F,50
27-May-04,F,58
27-May-04,M,
27-May-04,F,
27-May-04,M,
27-May-04,M,46
27-May-04,F,48
27-May-04,M,51
27-May-04,F,47
27-May-04,M,
27-May-04,M,49
27-May-04,M,50
27-May-04,M,
27-May-04,M,48
27-May-04,M,50
27-May-04,M,45
27-May-04,M,
27-May-04,M,48
27-May-04,M,50
27-May-04,F,53
27-May-04,F,53
27-May-04,M,45
27-May-04,M,43
27-May-04,M,46
27-May-04,M,
27-May-04,M,46
27-May-04,M,
27-May-04,M,45
27-May-04,M,46
27-May-04,M,
27-May-04,M,
27-May-04,M,
27-May-04,M,46
27-May-04,M,45
27-May-04,M,
27-May-04,M,
27-May-04,M,
27-May-04,M,46
27-May-04,M,49
27-May-04,M,39
27-May-04,M,48
27-May-04,M,49
27-May-04,M,46
27-May-04,M,
27-May-04,M,
27-May-04,M,
27-May-04,M,48
27-May-04,M,
27-May-04,M,42
27-May-04,M,50
27-May-04,M,45
27-May-04,M,49
27-May-04,M,
27-May-04,M,
27-May-04,M,
27-May-04,M,45
27-May-04,F,55
27-May-04,F,55
27-May-04,M,49
27-May-04,M,41
27-May-04,M,
28-May-04,M,48
28-May-04,F,55
28-May-04,F,49
28-May-04,F,
28-May-04,M,
28-May-04,M,48
28-May-04,M,53
28-May-04,M,
28-May-04,M,
28-May-04,M,46
28-May-04,M,42
28-May-04,M,
28-May-04,M,45
28-May-04,M,
28-May-04,M,42
28-May-04,M,
28-May-04,M,
28-May-04,M,
28-May-04,M,
28-May-04,M,48
28-May-04,F,52
28-May-04,M,
28-May-04,F,55
28-May-04,F,56
28-May-04,F,52
28-May-04,M,
28-May-04,M,
28-May-04,M,
28-May-04,F,52
28-May-04,M,
28-May-04,M,
28-May-04,M,52
28-May-04,F,50
21-May-04,F,57
21-May-04,M,52
21-May-04,M,50
21-May-04,M,52
21-May-04,M,46
21-May-04,M,51
21-May-04,M,45
21-May-04,M,49
21-May-04,M,52
21-May-04,M,54
21-May-04,M,49
21-May-04,M,50
21-May-04,M,49
21-May-04,M,48
21-May-04,M,54
21-May-04,M,51
21-May-04,M,
21-May-04,M,46
21-May-04,M,48
21-May-04,M,50
21-May-04,M,48
21-May-04,M,49
21-May-04,M,54
22-May-04,M,47
22-May-04,F,50
22-May-04,F,56
22-May-04,M,48
22-May-04,M,49
22-May-04,M,
22-May-04,M,49
22-May-04,M,48
22-May-04,M,49
22-May-04,M,50
22-May-04,F,50
22-May-04,M,51
22-May-04,M,
22-May-04,M,52
22-May-04,F,51
23-May-04,F,56
23-May-04,M,51
23-May-04,M,
23-May-04,M,48
23-May-04,M,45
23-May-04,F,58
23-May-04,M,50
23-May-04,M,
23-May-04,F,54
23-May-04,M,49
23-May-04,M,51
23-May-04,M,48
23-May-04,M,53
23-May-04,M,51
23-May-04,M,52
23-May-04,M,54
23-May-04,M,44
23-May-04,M,
23-May-04,F,57
23-May-04,F,56
23-May-04,,
23-May-04,M,50
23-May-04,M,
23-May-04,M,50
23-May-04,F,55
23-May-06,M,48
23-May-06,M,50
23-May-06,M,50
23-May-06,F,53
23-May-06,F,49
23-May-06,F,52
23-May-06,M,48
23-May-06,M,47
23-May-06,M,52
24-May-06,M,43
24-May-06,M,48
24-May-06,M,47
24-May-06,F,54
24-May-06,F,50
24-May-06,M,45
24-May-06,F,51
26-May-06,M,51
26-May-06,M,49
26-May-06,M,51
26-May-06,M,49
26-May-06,M,49
26-May-06,M,48
26-May-06,M,47
26-May-06,M,48
26-May-06,F,47
26-May-06,M,48
26-May-06,M,46
26-May-06,M,49
26-May-06,M,49
26-May-06,M,50
26-May-06,M,50
26-May-06,M,51
26-May-06,M,48
26-May-06,M,50
26-May-06,M,47
26-May-06,M,47
26-May-06,F,51
26-May-06,M,48
27-May-06,M,45
27-May-06,F,50
27-May-06,M,
27-May-06,F,
27-May-06,M,48
27-May-06,M,45
27-May-06,F,45
27-May-06,M,46
27-May-06,M,50
27-May-06,F,50
27-May-06,F,45
27-May-06,M,50
27-May-06,M,47
27-May-06,M,46
27-May-06,M,44
27-May-06,M,52
27-May-06,M,49
27-May-06,F,56
27-May-06,F,53
27-May-06,M,50
27-May-06,F,52
28-May-06,M,54
28-May-06,M,50
28-May-06,M,
28-May-06,M,49
28-May-06,M,46
28-May-06,M,47
28-May-06,M,50
28-May-06,M,48
28-May-06,M,45
28-May-06,M,48
28-May-06,M,49
28-May-06,M,45
28-May-06,M,51
28-May-06,M,44
28-May-06,M,51
28-May-06,M,48
28-May-06,M,48
28-May-06,M,
28-May-06,M,50
28-May-06,M,49
28-May-06,F,53
28-May-06,M,49
28-May-06,M,46
28-May-06,M,51
28-May-06,M,50
28-May-06,F,51
28-May-06,M,50
28-May-06,M,
28-May-06,F,51
28-May-06,M,46
28-May-06,M,
28-May-06,M,
28-May-06,M,
28-May-06,M,
28-May-06,F,50
28-May-06,M,48
28-May-06,F,
28-May-06,M,48
28-May-06,F,48
28-May-06,M,47
28-May-06,M,50
28-May-06,F,53
29-May-06,F,54
29-May-06,F,54
29-May-06,M,50
29-May-06,M,51
29-May-06,M,49
29-May-06,M,49
29-May-06,M,
29-May-06,F,53
29-May-06,M,
29-May-06,F,
29-May-06,F,53
29-May-06,M,
29-May-06,M,47
29-May-06,F,50
29-May-06,M,
29-May-06,F,56
29-May-06,M,
29-May-06,M,
29-May-06,F,54
29-May-07,M,50
29-May-07,M,46
29-May-07,M,49
30-May-07,M,46
30-May-07,M,47
30-May-07,M,48
30-May-07,F,52
30-May-07,F,54
30-May-07,F,52
30-May-07,M,45
30-May-07,M,51
30-May-07,M,40
30-May-07,F,53
30-May-07,M,47
30-May-07,M,
30-May-07,M,50
30-May-07,M,48
30-May-07,M,49
30-May-07,M,49
30-May-07,F,55
30-May-07,M,43
31-May-07,M,47
31-May-07,M,50
31-May-07,F,51
31-May-07,F,50
31-May-07,M,43
31-May-07,F,51
31-May-07,M,49
31-May-07,M,44
31-May-07,M,
31-May-07,M,
31-May-07,M,
31-May-07,M,
31-May-07,M,
11-Jun-09,F,51
11-Jun-09,F,51
11-Jun-09,M,48
11-Jun-09,M,49
11-Jun-09,M,50
11-Jun-09,M,48
11-Jun-09,M,46
11-Jun-09,M,48
11-Jun-09,M,48
11-Jun-09,F,52
11-Jun-09,M,48
11-Jun-09,M,48
11-Jun-09,F,57
11-Jun-09,M,50
12-Jun-09,F,55
12-Jun-09,F,55
12-Jun-09,M,49
12-Jun-09,M,49
12-Jun-09,M,50
12-Jun-09,M,47
12-Jun-09,M,49
12-Jun-09,M,50
13-Jun-09,M,50
13-Jun-09,M,48
13-Jun-09,M,
13-Jun-09,M,50
13-Jun-09,F,50
13-Jun-09,M,49
13-Jun-09,F,54
13-Jun-09,M,
13-Jun-09,M,51
13-Jun-09,F,52
13-Jun-09,M,52
13-Jun-09,M,47
13-Jun-09,M,52
6-May-85,M,
6-May-85,M,
6-May-85,M,
6-May-85,F,
6-May-85,M,
6-May-85,M,
6-May-85,M,
6-May-85,M,
6-May-85,M,
6-May-85,M,
6-May-85,M,
6-May-85,M,
6-May-85,M,
6-May-85,M,
6-May-85,M,
6-May-85,F,
12-May-85,M,
12-May-85,M,
12-May-85,M,
12-May-85,M,
12-May-85,M,
28-May-85,M,
28-May-85,F,
31-May-85,,
5-Jun-85,,
28-May-85,M,
28-May-85,M,
29-May-85,,
29-May-85,,
5-Jun-85,,
28-May-85,F,
28-May-85,F,
6-Jun-85,,
29-May-85,M,
29-May-85,M,
31-May-85,,
29-May-85,M,
29-May-85,M,
29-May-85,M,
29-May-85,M,
29-May-85,M,
29-May-85,M,
29-May-85,M,
6-Jun-85,,
29-May-85,M,
29-May-85,M,
3-Jun-85,,
29-May-85,M,
29-May-85,M,
29-May-85,M,
29-May-85,M,
29-May-85,F,
29-May-85,M,
30-May-85,F,
30-May-85,M,
30-May-85,M,
30-May-85,M,
3-Jun-85,,
30-May-85,M,
3-Jun-85,,
30-May-85,,
30-May-85,M,
31-May-85,,
31-May-85,,
29-May-85,M,
30-May-85,,
29-May-85,M,
29-May-85,M,
29-May-85,M,
29-May-85,M,
29-May-85,F,
29-May-85,,
29-May-85,M,
29-May-85,F,
5-Jun-85,,
29-May-85,M,
29-May-85,,
29-May-85,F,
29-May-85,M,
29-May-85,F,
29-May-85,M,
31-May-85,,
6-Jun-85,,
29-May-85,M,
29-May-85,F,
3-Jun-85,,
29-May-85,M,
29-May-85,F,
29-May-85,M,
29-May-85,M,
29-May-85,,
5-Jun-85,,
29-May-85,M,
29-May-85,M,
29-May-85,M,
30-May-85,M,
5-Jun-85,,
30-May-85,M,
30-May-85,M,
30-May-85,M,
30-May-85,M,
30-May-85,F,
30-May-85,M,
30-May-85,F,
30-May-85,M,
30-May-85,M,
30-May-85,M,
30-May-85,M,
30-May-85,F,
30-May-85,M,
31-May-85,M,
31-May-85,M,
31-May-85,F,
31-May-85,M,
30-May-85,M,
30-May-85,M,
30-May-85,F,
30-May-85,M,
31-May-85,,
30-May-85,F,
30-May-85,M,
30-May-85,F,
31-May-85,M,
31-May-85,M,
31-May-85,F,
3-Jun-85,,
31-May-85,M,
5-Jun-85,,
31-May-85,F,
31-May-85,M,
31-May-85,F,
5-Jun-85,,
5-Jun-85,,
31-May-85,F,
31-May-85,M,
31-May-85,M,
31-May-85,M,
3-Jun-85,F,
3-Jun-85,M,
31-May-85,M,
31-May-85,M,
3-Jun-85,M,
3-Jun-85,M,
5-Jun-85,,
3-Jun-85,M,
3-Jun-85,,
3-Jun-85,F,
3-Jun-85,M,
3-Jun-85,F,
3-Jun-85,M,
3-Jun-85,M,
3-Jun-85,M,
3-Jun-85,F,
3-Jun-85,F,
3-Jun-85,F,
3-Jun-85,M,
3-Jun-85,M,
3-Jun-85,M,
3-Jun-85,M,
3-Jun-85,M,
3-Jun-85,,
3-Jun-85,M,
3-Jun-85,M,
5-Jun-85,,
5-Jun-85,M,
5-Jun-85,M,
5-Jun-85,M,
5-Jun-85,M,
5-Jun-85,M,
5-Jun-85,M,
5-Jun-85,F,
5-Jun-85,,
5-Jun-85,,
5-Jun-85,M,
5-Jun-85,M,
3-Jun-85,F,
3-Jun-85,F,
3-Jun-85,F,
3-Jun-85,M,
5-Jun-85,,
5-Jun-85,M,
5-Jun-85,M,
5-Jun-85,M,
5-Jun-85,M,
5-Jun-85,F,
5-Jun-85,M,
5-Jun-85,M,
5-Jun-85,M,
5-Jun-85,M,
5-Jun-85,M,
5-Jun-85,M,
5-Jun-85,M,
5-Jun-85,M,
5-Jun-85,M,
5-Jun-85,F,
5-Jun-85,M,
5-Jun-85,M,
5-Jun-85,M,
5-Jun-85,F,
5-Jun-85,M,
5-Jun-85,F,
5-Jun-85,M,
5-Jun-85,F,
5-Jun-85,F,
5-Jun-85,M,
5-Jun-85,M,
5-Jun-85,M,
5-Jun-85,F,
5-Jun-85,M,
5-Jun-85,M,
5-Jun-85,F,
5-Jun-85,F,
5-Jun-85,F,
5-Jun-85,M,
5-Jun-85,M,
5-Jun-85,F,
5-Jun-85,M,
5-Jun-85,M,
5-Jun-85,F,
5-Jun-85,M,
5-Jun-85,M,
5-Jun-85,F,
5-Jun-85,F,
6-Jun-85,M,
6-Jun-85,M,
5-Jun-85,M,
6-Jun-85,M,
6-Jun-85,F,
6-Jun-85,M,
6-Jun-85,F,
6-Jun-85,M,
6-Jun-85,M,
6-Jun-85,M,
6-Jun-85,M,
6-Jun-85,M,
6-Jun-85,M,
6-Jun-85,M,
6-Jun-85,M,
6-Jun-85,F,
6-Jun-85,M,
6-Jun-85,M,
6-Jun-85,M,
6-Jun-85,F,
6-Jun-85,F,
6-Jun-85,M,
6-Jun-85,M,
6-Jun-85,M,
6-Jun-85,F,
21-May-95,F,49
21-May-95,M,47
21-May-95,M,50
21-May-95,F,54
21-May-95,M,50
21-May-95,F,53
21-May-95,F,50
21-May-95,M,49
21-May-95,F,53
21-May-95,F,52
21-May-95,M,50
21-May-95,F,51
21-May-95,M,49
21-May-95,M,48
21-May-95,M,50
21-May-95,,
21-May-95,F,52
21-May-95,M,49
21-May-95,M,45
21-May-95,F,54
21-May-95,M,52
21-May-95,M,45
21-May-95,M,44
21-May-95,M,46
21-May-95,F,54
21-May-95,M,47
21-May-95,M,44
21-May-95,M,49
21-May-95,M,51
22-May-95,M,50
22-May-95,F,53
22-May-95,F,54
22-May-95,F,52
22-May-95,M,50
22-May-95,F,50
22-May-95,F,50
22-May-95,M,50
22-May-95,M,48
22-May-95,F,52
22-May-95,M,47
22-May-95,F,53
22-May-95,M,47
22-May-95,M,49
22-May-95,M,48
22-May-95,M,48
22-May-95,M,51
22-May-95,M,47
22-May-95,,
22-May-95,M,47
22-May-95,M,48
22-May-95,M,50
22-May-95,F,50
22-May-95,M,47
22-May-95,M,46
22-May-95,,
22-May-95,M,
22-May-95,M,46
22-May-95,M,47
22-May-95,M,47
22-May-95,M,
22-May-95,M,46
22-May-95,M,50
22-May-95,M,45
22-May-95,M,48
22-May-95,M,49
22-May-95,M,43
22-May-95,M,45
22-May-95,M,
22-May-95,M,50
22-May-95,F,53
22-May-95,F,52
22-May-95,M,48
22-May-95,M,45
22-May-95,M,48
22-May-95,M,48
22-May-95,M,47
22-May-95,M,44
23-May-95,M,48
23-May-95,,
23-May-95,,
23-May-95,M,44
23-May-95,M,47
23-May-95,,
23-May-95,M,45
23-May-95,M,49
23-May-95,M,49
23-May-95,,
23-May-95,,
23-May-95,,
23-May-95,M,47
23-May-95,,
23-May-95,F,50
23-May-95,,
23-May-95,M,47
23-May-95,M,50
23-May-95,M,48
23-May-95,F,52
23-May-95,M,51
23-May-95,M,47
23-May-95,,
23-May-95,M,50
23-May-95,M,48
23-May-95,M,41
23-May-95,F,48
23-May-95,F,54
23-May-95,F,
23-May-95,M,46
23-May-95,M,50
23-May-95,F,51
23-May-95,F,52
23-May-95,M,47
23-May-95,M,
23-May-95,M,46
23-May-95,F,46
23-May-95,M,
23-May-95,F,48
24-May-95,M,51
24-May-95,M,50
24-May-95,M,49
24-May-95,F,54
24-May-95,M,48
24-May-95,M,47
24-May-95,M,48
24-May-95,M,51
24-May-95,M,48
24-May-95,,
24-May-95,M,48
24-May-95,F,50
24-May-95,M,
24-May-95,M,47
24-May-95,M,
24-May-95,M,46
24-May-95,M,50
24-May-95,F,52
24-May-95,F,53
24-May-95,M,
24-May-95,M,50
24-May-95,F,53
24-May-95,,
24-May-95,M,49
24-May-95,M,46
24-May-95,M,45
24-May-95,F,51
24-May-95,M,46
24-May-95,M,43
24-May-95,F,50
24-May-95,F,
24-May-95,F,47
24-May-95,M,52
24-May-95,F,
24-May-95,M,45
24-May-95,F,52
24-May-95,F,53
24-May-95,F,50
24-May-95,M,
24-May-95,F,52
24-May-95,M,51
24-May-95,M,50
24-May-95,M,51
24-May-95,F,50
24-May-95,M,
24-May-95,F,51
24-May-95,M,49
24-May-95,M,
24-May-95,M,47
24-May-95,M,46
24-May-95,M,51
24-May-95,M,
24-May-95,F,48
25-May-95,F,53
25-May-95,M,
25-May-95,M,
25-May-95,M,
25-May-95,M,54
25-May-95,F,
25-May-95,M,50
25-May-95,F,49
25-May-95,F,51
25-May-95,M,
25-May-95,M,47
25-May-95,M,47
25-May-95,M,53
25-May-95,F,49
25-May-95,M,
25-May-95,F,52
25-May-95,F,50
25-May-95,M,49
25-May-95,F,49
25-May-95,F,50
25-May-95,M,46
25-May-95,M,47
25-May-95,F,49
25-May-95,M,
25-May-95,F,53
26-May-95,F,53
26-May-95,M,
26-May-95,F,54
26-May-95,F,51
26-May-95,F,50
26-May-95,M,47
26-May-95,M,
26-May-95,M,50
26-May-95,F,
26-May-95,M,
26-May-95,F,53
26-May-95,M,46
26-May-95,,
26-May-95,F,51
26-May-95,M,
26-May-95,F,48
26-May-95,F,49
26-May-95,M,45
26-May-95,,
26-May-95,,
26-May-95,M,43
26-May-95,M,
26-May-95,,
26-May-95,,
26-May-95,M,46
26-May-95,M,46
26-May-95,M,45
27-May-95,M,47
27-May-95,M,47
27-May-95,M,48
27-May-95,F,52
27-May-95,F,51
27-May-95,F,50
27-May-95,M,49
27-May-95,M,45
27-May-95,M,45
27-May-95,M,
27-May-95,F,52
27-May-95,M,46
27-May-95,F,48
27-May-95,M,
27-May-95,M,
27-May-95,F,48
27-May-95,F,
27-May-95,,
27-May-95,M,49
27-May-95,M,
28-May-95,M,50
28-May-95,F,
28-May-95,M,
28-May-95,,50
28-May-95,F,51
28-May-95,M,51
28-May-95,M,51
28-May-95,M,52
28-May-95,M,48
28-May-95,F,52
28-May-95,M,48
28-May-95,M,44
28-May-95,M,44
28-May-95,F,48
28-May-95,M,
28-May-95,M,47
28-May-95,F,
28-May-95,F,
28-May-95,F,
29-May-95,M,48
29-May-95,F,55
29-May-95,F,49
29-May-95,F,48
29-May-95,M,
29-May-95,M,50
29-May-95,M,
29-May-95,F,54
29-May-95,M,50
29-May-95,M,45
29-May-95,M,50
29-May-95,M,46
29-May-95,M,
29-May-95,M,51
29-May-95,F,50
29-May-95,,
29-May-95,M,46
29-May-95,M,51
29-May-95,M,
29-May-95,,
29-May-95,M,46
29-May-95,,
30-May-95,F,52
30-May-95,M,
30-May-95,F,56
30-May-95,M,46
30-May-95,M,51
30-May-95,M,
30-May-95,M,
30-May-95,F,
30-May-95,M,
30-May-95,F,54
30-May-95,M,
30-May-95,F,
